x1,x2,x3,x4,x5,x6,x7,x8,x9,x10,x11,x12,x13,x14,x15,x16,x17,x18,x19,x20,x21,x22,x23,x24,x25,x26,x27,x28,x29,x30,x31,x32,x33,x34,x35,x36,x37,x38,x39,x40,x41,x42,x43,x44,x45,x46,x47,x48,x49,x50,x51,x52,x53,x54,x55,x56,x57,x58,x59,x60,x61,x62,x63,x64,x65,x66,x67,x68,x69,x70,x71,x72,x73,x74,x75,x76,x77,x78,x79,x80,x81,x82,x83,x84,x85,x86,x87,x88,x89,x90,x91,x92,x93,x94,x95,x96,x97,x98,x99,x100,y
0.417411003148779,0.22210781047073000,0.1198653673336830,0.33761517140362800,0.9429097039125190,0.32320293202075500,0.5187906217433660,0.7030189588951780,0.363629602379294,0.9717820827209610,0.9624472949421110,0.25178229582536400,0.49724850589238500,0.30087830981677000,0.2848404943774680,0.036886947354532800,0.6095643339798970,0.5026790232288620,0.05147875124998940,0.27864646423661100,0.9082658859666540,0.23956189066697200,0.1448948720912230,0.489452760277563,0.9856504541106010,0.2420552715115000,0.6721355474058790,0.7616196153287180,0.23763754399240000,0.7282163486118600,0.3677831327192530,0.6323058305935800,0.6335297107608950,0.5357746840747590,0.0902897700544083,0.835302495589238,0.32078006497173600,0.18651851039985400,0.040775141554763900,0.5908929431882420,0.6775643618422820,0.016587828927856200,0.512093058299281,0.22649577519793800,0.6451727904094500,0.17436642900499100,0.690937738102466,0.3867353463005370,0.9367299887367350,0.13752094414599300,0.3410663510502590,0.11347352124058900,0.9246936182785630,0.877339353380981,0.2579416277151560,0.659984046034179,0.8172222002012160,0.5552008115994620,0.5296505783560070,0.24185229090045200,0.09310276780589920,0.8972157579533270,0.9004180571633310,0.6331014572732680,0.3390297910487010,0.3492095746126610,0.7259556788702390,0.8971102599525770,0.8870864242651170,0.7798755458576240,0.6420316461542880,0.08413996499504880,0.16162871409461400,0.8985541885270790,0.6064290596595900,0.009197051616629650,0.1014715428660320,0.6635017691080560,0.005061583846218690,0.16080805141749900,0.5487337893665860,0.6918951976926930,0.6519612595026010,0.22426930946056000,0.7121792213475360,0.23724908749680000,0.3253996981592680,0.7464914051180240,0.6496328990472150,0.8492234104941780,0.6576128923003430,0.5683086033354720,0.09367476782809250,0.3677158030594340,0.26520236768172500,0.24398964337908400,0.9730105547524460,0.3930977246667600,0.8920465551771130,0.6311386259972630,24.713268071682700
0.7948113035416480,0.5026370931051920,0.5769038846263590,0.4925176938188640,0.1952429877980450,0.7224521152615050,0.2807723624408560,0.02431596643145380,0.6454722959071680,0.17711067940704900,0.9404585843529140,0.9539285770025870,0.9148643902204490,0.3701587002554440,0.015456616528867400,0.9283185625877250,0.42818414831731400,0.9666548190436700,0.9636199770892530,0.8530094554673600,0.2944488920695860,0.38509772860192500,0.8511366715168570,0.31692200515627800,0.1694927466860930,0.5568012624583500,0.936154774160781,0.696029796674973,0.570061170089365,0.09717649377076850,0.6150072266991700,0.9900538501042630,0.14008401523652400,0.5183296523637370,0.8773730719279550,0.7407686177542040,0.697015740995268,0.7024840839871090,0.35949115121975500,0.29359184426449300,0.8093611554785140,0.8101133946791810,0.8670723185801040,0.9132405525564710,0.5113423988609380,0.5015162946872000,0.7982951789667750,0.6499639307777650,0.7019668772577030,0.795792669436101,0.8900053418175660,0.3379951568515360,0.375582952639944,0.093981939840869,0.578280140996174,0.035942273796742100,0.46559801813246000,0.5426446347075770,0.2865412521282840,0.5908332605690110,0.03050024993904940,0.03734818874921440,0.8226005606596580,0.3601906414112630,0.12706051265188500,0.5222432600548040,0.7699935530986110,0.21582102749684300,0.6228904758190000,0.085347464993768,0.0516817211686077,0.531354631568148,0.5406351216101070,0.6374299014982070,0.7260913337226620,0.9758520794625350,0.5163003483011950,0.32295647294124600,0.7951861947687040,0.2708322512620740,0.4389714207056360,0.07845638134226600,0.02535074341545750,0.9626484146779250,0.8359801205122060,0.695974206093698,0.4089529444142700,0.17329432007084600,0.15643704267108600,0.25024289816459500,0.5492266647061210,0.7145959227000620,0.6601973767177310,0.27993389694594300,0.9548652806631940,0.7378969166957690,0.5543540525114010,0.6117207462343520,0.4196000624277900,0.24773098950115700,24.973335588166100
0.3559726786512620,0.7578461104643690,0.014393488629755900,0.11607264050691600,0.04600264202175280,0.040728802318970100,0.8554605840110070,0.7036578593800240,0.4741738290873250,0.09783416065100150,0.49161587511683200,0.4734717707805660,0.17320186991001500,0.43385164923797300,0.39850473439737300,0.6158500980522170,0.6350936508676440,0.04530400977204450,0.3746126146264710,0.6258599157142360,0.5031362585800880,0.8564898411883220,0.658693631618945,0.1629344270814300,0.07056874740042980,0.6424192782063160,0.026511310541621800,0.5857755812734630,0.9402302414249580,0.575474177875879,0.3881699262065220,0.6432882184423530,0.45825289049151700,0.5456167893159350,0.9414648087765250,0.38610263780077400,0.9611905638239140,0.9053506419560640,0.19579113478929600,0.06936130087516550,0.10077800137742700,0.018221825651549700,0.0944429607559284,0.6830067734163570,0.07118864846022900,0.3189756302937610,0.8448753109694550,0.023271935735825900,0.8144684825889360,0.28185477477340000,0.11816482762165600,0.6967371653641510,0.628942846779884,0.877472013527053,0.7350710438038860,0.8034809303848490,0.2820345725713070,0.17743954377972300,0.7506147516408580,0.806834739267264,0.9905051420006730,0.4126176769114270,0.37201808579278300,0.7764129607419970,0.34080354025301800,0.9307573256035650,0.8584127518430120,0.42899402737501800,0.7508710677914970,0.7545428740846820,0.10312386883593300,0.9025529066795670,0.5052523724478570,0.8264574661077420,0.32004960103061200,0.8955232284962010,0.3892016787341630,0.01083765148029840,0.9053819764192640,0.09128667678613360,0.31931363759041500,0.9500619670508050,0.9506071469375560,0.5734378881232860,0.6318372121697990,0.44844552197832000,0.29321077169806500,0.32866454536991600,0.6725184560770380,0.75237452943768,0.7915790437258490,0.7896181427945540,0.09120610304869040,0.49442030470258100,0.057558760016644300,0.5495288823237360,0.441530501373377,0.8877041827583000,0.3509150125520790,0.11706701642760600,24.767477165963400
0.14299168205283600,0.7615106317174720,0.6182180633162610,0.10112267612279000,0.08410680611499740,0.70096913145912,0.07276300636419350,0.8218600592903560,0.7062422271564960,0.08134878064189980,0.08483771408519190,0.9866395785011760,0.3742707957561200,0.3706421470668910,0.8127995672575030,0.9472485773838590,0.9860010638228710,0.7533781852589420,0.37625958553091600,0.08350071669866880,0.7771469159274370,0.558404249735805,0.4242220092469760,0.906354385094736,0.11119748230615100,0.49262510429085900,0.011353644767419100,0.46866064199412600,0.05630327568183740,0.11881791626807200,0.11752624677710500,0.6492103021160640,0.7460448792654230,0.5833687650971600,0.9621725484745420,0.37487057952370400,0.28571208628186100,0.8685991281894600,0.22359583851945300,0.9632225394406110,0.012154474689816300,0.969878826707639,0.04315991195057610,0.8911431136980710,0.5277011090863000,0.9929647961193000,0.07379656473539890,0.5538542844013210,0.969302535619099,0.5230978441701490,0.6293986381352630,0.6957486889846170,0.45454106476777300,0.6275580800840630,0.5843143119231000,0.901158010490989,0.04544638034145790,0.2809631895922300,0.9504114840765590,0.8902637838909160,0.45565675278571300,0.6201325978015370,0.2773811829811330,0.1881211597237610,0.46369840493998200,0.3533522280260530,0.5836561118508720,0.07773463696498480,0.9743948076661670,0.9862107444796030,0.6981617140197450,0.5360963663441200,0.30952761628632800,0.8137950197069490,0.6847311725538790,0.1626169393448910,0.9109271844938430,0.822537242923169,0.949799913291924,0.72571950838836,0.6134151959357900,0.4182430362906190,0.9327284833540130,0.8660638895004080,0.04521867010618940,0.026366974497252000,0.3764633668780500,0.8105533307818330,0.9872761293149450,0.15041689110352800,0.5941307153521350,0.3808908566310220,0.9699143978146030,0.8421189231357090,0.8383287047111380,0.4686931597949700,0.4148195023376650,0.27340707193070600,0.056375496650927100,0.8647223762550530,23.75765841650320
0.8129010091300780,0.9997176732861310,0.9966368370739050,0.5554317056026270,0.7689874151805110,0.944765729882428,0.8496473906774120,0.24734810174319800,0.4505441353100940,0.12915941515149500,0.9540510272587220,0.60617463445088,0.22864280550346300,0.6717006844058570,0.6181282404578960,0.3581627180328410,0.11355759219962900,0.6715731955928000,0.5203077009037930,0.7723183917356390,0.5201635011119930,0.8521815003185400,0.5519068387744860,0.5609379715353860,0.876653602658345,0.40348286621239700,0.13401522845064100,0.028782676313339000,0.755137255673619,0.6203095513534650,0.7040797680992240,0.21296416150891100,0.13637147558677000,0.014544665667881900,0.350587558806597,0.5899176868546330,0.3922440450997320,0.43747492202372900,0.9041586944937480,0.34825546702330000,0.5139894891598110,0.7836530127411430,0.39654278232127000,0.6220867002278740,0.8623637087467450,0.9495206236576420,0.14707348092903800,0.9265876251614940,0.4921162930795380,0.25824438829895800,0.4591357562382610,0.980032575285477,0.4926180939928700,0.3287516102875080,0.6334008543167260,0.24014561877819300,0.07586332810866390,0.12887972191064900,0.12804583895777200,0.15190269351229400,0.13882717264941000,0.6408747448032150,0.18188008439914500,0.3456672833238630,0.8967884099060120,0.47396164026287200,0.6675577385210270,0.17231987120163000,0.19228901880867100,0.04086861626647890,0.16893506307216500,0.2785903390319590,0.17701048427674700,0.08870253375705560,0.12063587110060100,0.46077876803272600,0.2063337184057930,0.36426986104807500,0.5034172708548570,0.6903948286293650,0.039312139841098900,0.7994103989090430,0.6279003894909080,0.08175903194887190,0.8735786241067770,0.9208724005318130,0.06107795985486380,0.2768776481472040,0.8062012797930610,0.7482596903836580,0.18452101935637700,0.2093493233367100,0.370472102791382,0.4845229851910210,0.618254771530296,0.3689136395697720,0.4625347161331480,0.7474709381337570,0.0366832028905979,0.25243694434402100,21.49057010484770
0.7133495858845520,0.8952068376871990,0.5116774421156660,0.5321134852653160,0.10717201133977600,0.44741236682345500,0.5326172664550230,0.24247050363473000,0.26924323094938100,0.37728416310462300,0.02007119777772640,0.3220791655831780,0.21144800699654500,0.32749735217791500,0.11976213181925100,0.890527280739895,0.5935924535540490,0.6791023191444900,0.7891712386073380,0.4984421989290570,0.08692028808742370,0.5371065418185480,0.5868411180208790,0.74543947418433,0.4316595462296790,0.12758030279556400,0.28377590579872400,0.3630822963986350,0.6459172413316010,0.5707783046689120,0.35609672589784600,0.9865152487929800,0.6057748193568870,0.23722679173599400,0.10178247262040400,0.15285913918433200,0.24595772838450800,0.16068137325955600,0.18656702405130600,0.2850951686938470,0.17337359529475500,0.8967654246264250,0.08023374566164220,0.5245113895702550,0.4103968269896620,0.9823786169086060,0.11203890216805200,0.39785559904574200,0.9694704332753690,0.8655071258939800,0.8170720709492800,0.25790282704494000,0.17088758739006600,0.668643219924431,0.9293759891275860,0.5567628930139300,0.5716126894699000,0.2799790936602840,0.7694929331919370,0.18704374855752300,0.3236792364042440,0.4254364386164170,0.507610378684455,0.24240973241508000,0.11483682473920400,0.6106200424416330,0.28863055324025600,0.5812382214226120,0.1543627152742020,0.4811401018548180,0.5325894325515860,0.05182353682242690,0.3366042781939210,0.13441467693897400,0.06337497047276770,0.9899602323899450,0.32235384497472300,0.8098744458546350,0.25464065476376400,0.6815027222239290,0.7602278598896870,0.5956387406078440,0.47157618855015800,0.41184091414726900,0.3488682665429950,0.9295291442478260,0.8306194077877290,0.9650269106665130,0.12429722348554500,0.7308674752036440,0.9383404568210380,0.18123306616566000,0.0664962673667775,0.741120649290059,0.5744731131799120,0.8418287767582720,0.1397723766262900,0.7952673118598900,0.20162732004774500,0.1636559428657050,23.83176224940480
0.16426579793099300,0.8145747202313820,0.6651972206962000,0.5230654247691190,0.3588304841235030,0.8772005408131080,0.3924451074226350,0.8165994394715770,0.4391349085702180,0.3769444294249080,0.46267978566960600,0.3013778741641420,0.7476093801762510,0.5027203900924790,0.2322126951468170,0.8995745732745690,0.3838912213732110,0.5435528611139890,0.9064721109645470,0.6242379959139920,0.11689804070836400,0.9398321236134750,0.6277080530714180,0.3349056146570860,0.13927207266338700,0.794025189270296,0.6200727559285140,0.5334610919763220,0.8938925830509580,0.7885972112245310,0.15167487973275100,0.31172206779554800,0.24848913981446600,0.743946292572677,0.03353243473577940,0.5698896848713170,0.7624586857406910,0.8767656367617500,0.34208174871590700,0.8212573046720130,0.11063173695520700,0.8464522917345180,0.12748866233198200,0.39728729056036700,0.7972953657795540,0.14991742734877400,0.22925139523264100,0.7222525683930660,0.7200365365460740,0.6411476328852970,0.6939484444671,0.5427244433475960,0.25179905890695300,0.34569599350391900,0.18159771680142600,0.9084505613336280,0.5833917947661210,0.4008514167636400,0.4620058036441330,0.9472833396118150,0.1533514031160800,0.5862298320167970,0.505888678884466,0.6114542354346480,0.01811018382084050,0.8721239089441520,0.9321182824836120,0.5651331835892090,0.6966508238768920,0.9224993811772960,0.7072386343133990,0.15253904291426100,0.5762883601668130,0.6067150463828560,0.424130671302386,0.7364442356247230,0.9343670147690150,0.9255685129067760,0.4508393714041320,0.11323804584075500,0.9848411989623350,0.8388980864459340,0.12466268120326700,0.9208418826173720,0.8698963620621280,0.5188380571260720,0.5912754357449290,0.39900270387013000,0.05476163882203130,0.3351972416459010,0.8028534485980110,0.004632023004602860,0.3334991716911440,0.3981686935909430,0.5373956029379230,0.9198556164127610,0.34634599436596100,0.3469532018962280,0.7375012481097480,0.45221794088980700,23.820467677056500
0.22460482293998200,0.4524395161326930,0.14085702037980000,0.1763869865062230,0.49836777273948000,0.4189254495045480,0.9148459010681,0.3623938991166330,0.5805883502780440,0.6322642879195300,0.013094456588333600,0.6635373720167110,0.17803596686975100,0.9610703174694550,0.14866272775311300,0.41462412372702400,0.08534966807864390,0.9968742518459470,0.5021950103312430,0.5953850173200440,0.06707647738842750,0.7499604703991780,0.20990559309558600,0.8980542894407140,0.20513964048200700,0.19068772066366700,0.03654966784809490,0.47206694510999900,0.5648411332626160,0.06570863942835240,0.7755276166950110,0.4532888347480280,0.52439026932758,0.44076274693822800,0.400763060875326,0.5596403313082180,0.1552402459307130,0.18192813049527100,0.8617856210135170,0.9461154621336330,0.37330931627975300,0.27074467314355400,0.6439995432390160,0.4087341710980960,0.02538635566034490,0.15615259736619000,0.7159722288473980,0.6589239419101510,0.02709599250348350,0.22197216193294900,0.2310747965880710,0.6718927435987280,0.019710537754364200,0.10410858198457400,0.7999160853731890,0.1785446620543340,0.6527461078518750,0.23818278104672700,0.09944139275934520,0.24317219099945400,0.7222669318556590,0.8556964681062860,0.8302198645669920,0.3971835296184550,0.6680851365706460,0.20498429541582100,0.29314773026101300,0.8963358185211200,0.013001923510736000,0.08550853085446810,0.20788625514602700,0.026532203873819700,0.18143543508979700,0.5830415609696920,0.42142455059249800,0.8926717110769750,0.8174435617384410,0.34181735169787600,0.2594234334312930,0.3796924081672670,0.5902949425148080,0.26806364082287600,0.624148907849134,0.4094116521912400,0.5520471808519800,0.4361265291353170,0.29446575954191800,0.9484533069621570,0.7636057941597610,0.14011317576645300,0.8684679758979130,0.48743119824951400,0.8945522268940910,0.7998552559473150,0.42521350446923300,0.022469308320117400,0.2686773593849460,0.5416342146608670,0.6334782198261470,0.2578876854332020,19.796225341059000
0.13935607407282400,0.8349302367992990,0.9844021807035520,0.5256901823026860,0.1716792858483040,0.27230732651936900,0.018390676547466700,0.914298806560499,0.11775108289014100,0.5765164755142540,0.274055220687206,0.5541780025157930,0.6514203883518640,0.8297418037072020,0.2064212717606030,0.010995828658480500,0.13688563006880700,0.9000186418481050,0.8738900775625150,0.5974131021703080,0.6005168604336530,0.6650366745462560,0.1753712786234500,0.9144119459249600,0.4187705248920730,0.38313852824949700,0.5189177052828380,0.046965966775055000,0.1662833687560790,0.7380336164263700,0.08279866792512650,0.6031521094663880,0.24534910968132100,0.38929561404197700,0.28869373677070000,0.35567271646494900,0.7190459051842460,0.297121715623175,0.5664046402968970,0.47605040219910000,0.6636711653626480,0.936829739324758,0.7325720972102500,0.21494037859075700,0.031183135061284700,0.2622640442998250,0.5950779307002550,0.05142581348425040,0.49636624720123600,0.5968428489168890,0.3342438908169610,0.7709122037458220,0.1065982531337720,0.07513778173580880,0.7281887562036030,0.49549131620619800,0.688402396427736,0.4348273386037460,0.2464020332391070,0.8191023176742000,0.7994158789689790,0.6946964708544270,0.2721451372299630,0.5902306668690870,0.3609738969400270,0.09158207332663420,0.9173135754622430,0.1368186309189610,0.9502373538208020,0.44600577295795600,0.18513292883862000,0.5419009473783580,0.8729458358764080,0.7322248864095610,0.8065611478614500,0.6587833667107170,0.6922765645178530,0.8491956515653190,0.24966800885918600,0.4894249636431410,0.22120944181960200,0.987668007996647,0.9440593396866130,0.0394268113685059,0.7055751725156890,0.9252483174156660,0.18057534512733400,0.5679452305526300,0.9154882975880420,0.03394597858579880,0.6974202672468400,0.29734900737255100,0.9243961953765300,0.9710582451653680,0.9442664891134340,0.47421421665746400,0.8620426509893130,0.8445493985350700,0.31910047324325600,0.8289154741506770,23.87461173258570
0.03700763471549260,0.596269878482053,0.23000883728770300,0.12056688577727900,0.07695320162920920,0.6962887758781400,0.33987496376806600,0.7247667715287620,0.06535634079894240,0.31529033783061000,0.5394912923753370,0.7907231648389640,0.3187525029320700,0.6258913764370090,0.8859777482361870,0.6158631881823050,0.23295947475363400,0.02440078155653800,0.8700988739009300,0.021269410850387100,0.8747016726841990,0.528937134027212,0.9390676985128960,0.7987832357736650,0.9979341105333380,0.35071181545171000,0.7671882889311270,0.40193091360924200,0.47987562030390900,0.6275054632183700,0.8736771141863390,0.9840834691992950,0.7682734138645180,0.41776678216733400,0.4213570022770700,0.7375823015888920,0.23877714576830200,0.11047411313139500,0.35462215764077700,0.28723899165408200,0.2963081204559900,0.23360775104991000,0.04209318963636190,0.01787393473341380,0.9877223897360320,0.42777313373586200,0.3843266471596820,0.6796472826930700,0.21825388786506400,0.9499611839502250,0.786345014415552,0.08941100231225950,0.41758077578492800,0.8791183075621650,0.9447320222914100,0.4674015112498700,0.6134113892107080,0.16703394609207500,0.9911686261369770,0.2316717013834430,0.9427317741351260,0.6496466489923690,0.6077367948788590,0.5126885110165090,0.2306698117177590,0.17652803200550800,0.22048620907017500,0.18643826214425500,0.7795844735667530,0.3501252591667300,0.05784267656339640,0.9691026301408110,0.8837858849634260,0.927752283195213,0.9949078226464350,0.1738952492194870,0.39624201890265900,0.7582384757040910,0.6960206180537920,0.15389590633985500,0.8158331249906180,0.22444057183666100,0.22381761482262300,0.5369744228934140,0.5929399348417030,0.5800862078378110,0.09148683739775490,0.8774608626303800,0.26560004258870600,0.12951492128280400,0.8887480798689770,0.9556514982297530,0.8621276172654510,0.8095160747248780,0.6552419806390220,0.5508573706091390,0.08698675991141010,0.4084532130706990,0.372688517012314,0.2597537837603260,22.79636285674170
0.7234201136885850,0.4958757350787710,0.08104621590764790,0.22018320194981100,0.6832587636595960,0.07613085949030020,0.8512069140487690,0.4951465270139740,0.480586577326648,0.5924077846595180,0.8246809659251490,0.34780920790219300,0.6780161525590640,0.5657319639957910,0.2670282701694210,0.878629986355158,0.7974260216069280,0.6584518346584260,0.8505817290942420,0.8672942009598020,0.7083629767150350,0.837013328363672,0.6974714616692840,0.6801407717603000,0.6186113782151840,0.7527166395576410,0.1586051052930740,0.8808707591989280,0.871843527745232,0.029247283034559100,0.8258167505647630,0.1288698674734450,0.3351188542591420,0.7435082562916080,0.1607598960483080,0.8179670241190620,0.8321341779577420,0.5074677337608360,0.00638587171683358,0.2870381331749130,0.6169269183757420,0.9811861780274240,0.6318135270166680,0.2598035810641600,0.6340057030996110,0.5399853797158560,0.7798453951511440,0.10698063882695800,0.761027902502028,0.5412665786761100,0.9629920038589950,0.3418721660386860,0.6326218931339480,0.9320281055100180,0.10250972799067900,0.9372284872364510,0.6878857223008130,0.0678370591051719,0.30096356694681600,0.7081720886452820,0.0673506014687717,0.5821704601762730,0.34588305695295700,0.6209155177674770,0.04574203381251290,0.8715368061523760,0.9734889691773970,0.9688778552856920,0.7496518317429250,0.13008624013063200,0.7582631959290230,0.02458691645880150,0.022123551528997300,0.32361021914954100,0.48864319040466600,0.7704074178077930,0.6832953766065050,0.44590270637674800,0.2736266662816660,0.9971245001577110,0.42618130223597300,0.4513870243296760,0.16362382119166900,0.7948095487499290,0.6936822257814890,0.2207696127887600,0.0823810456158427,0.6804993020747130,0.6545112142811350,0.2732595269982090,0.9508635622504100,0.15105789178090000,0.4323348010426020,0.9436159201675990,0.4197273169261220,0.6385259476640860,0.3975943979627940,0.27421520234867000,0.9839776479598280,0.409334006315043,20.766769929875900
0.8940992036791340,0.22995460589108600,0.2131047040250830,0.03113408288451140,0.651666825375885,0.36852634372376100,0.864358249839637,0.47320990669155700,0.9681934279147220,0.18552551570312100,0.8686231679556110,0.7765968527917420,0.770921844644052,0.8447832281168880,0.7610239909429990,0.6262203216314150,0.13124487768238800,0.032526179491251900,0.9208478478156870,0.616650314520738,0.7965372909761760,0.4815223515125500,0.11730818896239400,0.12518579220255000,0.6855652872289710,0.4303058948994630,0.20052472670033700,0.4915945467414370,0.06420893707513410,0.5819714019143990,0.26899340443509800,0.7975591006371880,0.31036195892357400,0.4552201490818010,0.011620539908100600,0.07244688779455890,0.3924935564066850,0.4799388347171240,0.6000205481193040,0.29166257870930300,0.6949818861265430,0.8601223971892050,0.7798509888933500,0.039618825348357100,0.48050694725782900,0.10493017841817500,0.24204501586252700,0.9866625932671460,0.14249554290151300,0.49888815345135600,0.6181557343181190,0.702464970544104,0.5596486834869140,0.00977084741918366,0.3264613082439920,0.5177116433847110,0.08786649914483340,0.35062693120918100,0.033203108791366600,0.07857849715502070,0.39692327620159600,0.13271575404306000,0.5675408482615580,0.6894649691372660,0.8005866991090830,0.2001502442448100,0.16748258225907000,0.10456784033440000,0.6364302495436370,0.7064757264869010,0.03158614482564200,0.9362122462436900,0.05197128365147240,0.5412963353010710,0.7090605194509160,0.8709691237460860,0.7140869321324280,0.8017280830697920,0.33945019254280600,0.8148251137465120,0.08011484638467510,0.8948166560605280,0.5475923761537360,0.8172977699624940,0.45231828451830000,0.643577695196525,0.5264026609361130,0.7315895217553320,0.08162998203058960,0.0603520839905638,0.24710323401014600,0.15954468011318800,0.8717835665922020,0.21921398735804400,0.9758652558191310,0.33689579177110700,0.18211791568869900,0.7896985071424790,0.6587077755008760,0.498195716453139,19.388941040188200
0.5553635509376310,0.7192017782722640,0.22845474133129900,0.9963339160567420,0.9747931621467830,0.6503256863469370,0.19954245092914500,0.6802282424312910,0.07219840897917580,0.030652502205806100,0.2576828885112140,0.4626229567393160,0.8682725054083810,0.727169069766308,0.742706521199981,0.42549333444807500,0.3459349925469630,0.3710387629846030,0.9876495637360580,0.04010919141248250,0.8670314961224490,0.5786754085723930,0.43861541918959000,0.7252576604151370,0.48666894142470300,0.8734232380816610,0.9007018640112590,0.4217209268734550,0.2768277972350520,0.5923503285933620,0.912363345616691,0.21066218900566700,0.6229665835634830,0.6315602200925210,0.733113022415281,0.1315676851272600,0.7158249646820890,0.909032520665641,0.17968310887024200,0.23754332492387800,0.9713950940416400,0.18097695270949000,0.8543850933695790,0.4922778564480350,0.24723107440317700,0.8707499012725110,0.4453052550026660,0.5148173539296900,0.3592333693997660,0.5929508514349270,0.16352387258502300,0.3910815366517610,0.9694123223352880,0.25813343270112800,0.6567366645412920,0.3251900642246950,0.7734731256866010,0.13087366071835000,0.9698210450785450,0.45378954138363900,0.23605046334646400,0.07349674733001270,0.16975790508754100,0.5197739485560180,0.3370031764312860,0.8288833658826100,0.43088752366180600,0.2487142725876300,0.61714498660403,0.7067772168854460,0.16704190790095000,0.16761921628831800,0.03667142693354300,0.7364020150656410,0.6638045276218050,0.4746308757498140,0.8441704489691970,0.8056701529500530,0.5853543643967520,0.8682712805132590,0.20584121003676800,0.11191961939772800,0.2697496115169900,0.05708685608931490,0.531169528001032,0.9366056922949620,0.03934354066850970,0.1221099140100270,0.4521990282834350,0.9338750175279050,0.3161561049767510,0.5072348086883920,0.0415728590503921,0.14834320096208900,0.9866301229588470,0.9651186964360460,0.004939980934409620,0.951811785423239,0.6391199378155000,0.8679182945200220,21.519103926512400
0.4547398556338590,0.5155960285792500,0.4888465802569200,0.6668642575461040,0.1396512547563130,0.029973589872678000,0.3079299415911910,0.7046807627366470,0.20185345212294800,0.6734324333249170,0.9699120461072700,0.09390071578941840,0.6726021182251260,0.44375021930457100,0.8681422543775050,0.1771497894473860,0.6926259522261650,0.8381152896481100,0.9446142194740230,0.6832480282896460,0.4971747640084270,0.6178472402012140,0.8689049844787180,0.5706097466388300,0.03038705969683690,0.9309486955069780,0.6895267510315610,0.6765133857772470,0.21567515239771700,0.6588854702326570,0.3938644056541590,0.6512329770414920,0.10659303030799100,0.657845304603036,0.9994137257706670,0.04821203886055600,0.9771741842213170,0.4069079607228710,0.8707534503372590,0.7823854840582740,0.5670162609866680,0.7384492092513270,0.8785155613013480,0.404140321651033,0.3270331615632390,0.6675933855635850,0.8078459419412590,0.7622851347766160,0.7978136488586350,0.435583314812933,0.8178342161750220,0.12020905537060800,0.5444890979608500,0.0057586604981215700,0.3245858299002700,0.3664615348713980,0.3961726916092550,0.6954672066898620,0.38855810127034600,0.44869362262253100,0.23754413087432700,0.3732517916293400,0.22726962726315100,0.07319592376844360,0.6034485933813780,0.6682127985550160,0.6194903460096150,0.46349404380057200,0.3797857801792300,0.8633336495718250,0.519081785136218,0.47918187762973100,0.025642065806435700,0.34124782762615600,0.38019561878585700,0.3988227808969010,0.5801723692273320,0.5336025467268790,0.6079050927934450,0.7648832615421280,0.8129857387160940,0.7181230762264940,0.9555236959549350,0.01823258267636160,0.1957779856835460,0.00756287497814212,0.647474714154603,0.8980305489499870,0.24348229657629900,0.9270345447963070,0.06026739028956090,0.9344360268055140,0.3516226872396340,0.10142082844921700,0.48587175918632600,0.25677656772050800,0.28487290196192300,0.3072899649262870,0.8030258978326630,0.5391612766752550,26.696131579106000
0.31130769915600400,0.6103337833109180,0.7161506742231940,0.27262400073353400,0.4135491015253520,0.12188609333694800,0.18114934953468000,0.6811178539649830,0.18143834769562700,0.5251633836670600,0.7090462617224330,0.10687692309474400,0.5673122196289040,0.25656278370136400,0.9629268752375800,0.4835456467199250,0.8059925497751580,0.5502265421562620,0.043412532854819200,0.6331513755940220,0.951403342206657,0.6016118201463310,0.8191888594267900,0.8842064633484080,0.22807977194893200,0.21204483990822700,0.6109809888509920,0.4110284698067050,0.8398613028667200,0.9000231233980110,0.3534213793027180,0.23687055897448200,0.7805255152438620,0.2748060355481360,0.8226143185136780,0.42373825364876300,0.6675498992914710,0.09553531383466820,0.623859324676573,0.4517676787372290,0.5866084631754740,0.16801420774486300,0.7368737449441820,0.8627970775432290,0.21673980009077600,0.09571455552016170,0.023638586046336400,0.641971500443266,0.6070940360887810,0.54669741271407,0.23194709611597500,0.39090599590551500,0.594476335186173,0.4967668588591690,0.9877855202148870,0.13643975255673300,0.6951445540475940,0.4043187681042920,0.42819961492561500,0.7175977656581760,0.6924361513243700,0.9912559937021880,0.12839428945412500,0.10410964938416600,0.7243388171287410,0.5783869170064090,0.27416066655980600,0.0794193689889866,0.08565824959643050,0.8941908746641180,0.1918673247187430,0.32337156211552100,0.22665640222698800,0.3549963058319370,0.06942384274609340,0.5190597909082700,0.0676125635922149,0.8003565078223620,0.23371208191043300,0.5400119146045110,0.8800790875614580,0.6508773690471940,0.5329577865513350,0.3243337531153760,0.33300191305819800,0.6694869551981900,0.9941393612211680,0.6618391898493790,0.5577834173700250,0.7306505102392460,0.46520561228371800,0.060142342600785200,0.5622968158779100,0.9576252845053800,0.17530294235766000,0.6900048908206660,0.20093368865905600,0.5358276844730810,0.09667644964671960,0.45037093625818500,26.025561586156000
0.7561633288952460,0.3475715242389820,0.664911724487218,0.7954499607897290,0.9271778194794530,0.23464208185545400,0.39931591580930800,0.15241601333041700,0.9924835021583750,0.9270009679242950,0.5399571302805600,0.8420332943764210,0.5209579772720420,0.6235856880027600,0.08912443211601660,0.7552704204968080,0.12771348363523500,0.8260676302525280,0.7820280876703860,0.7087446977429760,0.036160380524762100,0.3031283559453290,0.26311256991084300,0.3601364074715190,0.08764274676383850,0.9369578230310630,0.5538022407123760,0.30552431065802400,0.3969815170742830,0.44720254050483600,0.6005943333606170,0.5156794276964980,0.9193919732144170,0.49696348290583000,0.9921580148233130,0.8514249577450960,0.2085105143573360,0.9305952146439160,0.11636639788547600,0.8174497084911920,0.3806232934765800,0.8779743204450700,0.8680566901074500,0.8059254001176210,0.7900304363070610,0.3046791390980410,0.08091928305125220,0.40298017876516100,0.17352451498650900,0.6949510889024620,0.34609972653778600,0.9756102008599150,0.640972077345332,0.822480563634361,0.13252467274184800,0.8620144822726230,0.9227571905133940,0.4870619188189360,0.6062529377509770,0.7648098009029950,0.17483862726041300,0.5025660764634420,0.3986630277723130,0.1463739921622490,0.36753442229153100,0.06817230938549360,0.025811906949487000,0.13516628915482300,0.9631151115891740,0.549529535895017,0.96582216115322,0.432497878330132,0.3118161330852600,0.5061418628402440,0.4395116886329100,0.10566468426174400,0.6408263146902060,0.2160381825096000,0.6195879548978300,0.6502010923981530,0.1520248531286480,0.06134962711066820,0.7807615860684400,0.4598004237693200,0.05816379550547580,0.9948663171697670,0.05778056099636660,0.6950352288585530,0.9836789252634140,0.23918010421592600,0.14224936868719600,0.1213849394224290,0.30327514756759600,0.10104581101064700,0.6921613416941320,0.06229179813006270,0.5094221281497900,0.9966968538529770,0.8139702695060190,0.6152194382310110,22.59586818951290
0.30625362078661200,0.6238958362916390,0.5270414639116520,0.4260833838903720,0.13071037674019900,0.8866042152404670,0.4497846488213230,0.19462251182076500,0.3677593508772900,0.41412975252892700,0.8275378955668740,0.733614380561402,0.7693048936413400,0.011031264428647200,0.4161539981797620,0.4813441516353240,0.019192276823056700,0.2598132087450340,0.760289823122135,0.13710970572899900,0.5353101314525920,0.2152018720172380,0.012120774643893300,0.24120145759954100,0.9758737549100540,0.8015371118829900,0.9595766443210330,0.48785404392636200,0.1097361986775040,0.547959488973693,0.4543773345599610,0.844357082739616,0.09808258078424460,0.4882411370217780,0.15004866469398400,0.32467592689006,0.7373570773878000,0.47601812936876700,0.37588828514576900,0.3944762785700350,0.45944676840598700,0.7850165438370570,0.8920846889402340,0.9553346865039280,0.7869033862552950,0.31540689574801300,0.6881347060865420,0.4376031240553920,0.2546706220460510,0.8408715794259230,0.038426348962325000,0.9017619921354240,0.46147746462473400,0.6372014768082800,0.6593539222057830,0.8951177407065360,0.6366696821672070,0.6139335847600620,0.06665204056069000,0.5184080219452040,0.15016900081704200,0.7374337687214860,0.5122219208126750,0.6802277792083530,0.041672900602384300,0.08479201604580320,0.7163233880626820,0.07208433599867340,0.0712567277652586,0.01210847523488750,0.9565013982994800,0.737508359459007,0.35325140850206400,0.2965355812876550,0.34970322974585000,0.7746535311811820,0.6613706110704140,0.18519556786746800,0.17410933533408400,0.09839564971339730,0.6603027197013380,0.7643726622217360,0.265046428325004,0.020944961030912800,0.08217166747642740,0.9678600348450310,0.29544477747742000,0.7692231478381340,0.6246635688542640,0.3819396396528960,0.2056872621955550,0.12138641815940600,0.6150129680388670,0.774633780637788,0.6439042535411310,0.5303021332491580,0.041951223431636300,0.9684887775943840,0.7987141916545750,0.29282203670096500,22.082770887834200
0.9799703293588510,0.6018815896363220,0.5824226582072470,0.7480731794295320,0.8117697880901380,0.6564786073315030,0.12809574636620000,0.3382675059944980,0.9280836403260500,0.22461561184385200,0.3721670238375130,0.432076882944196,0.4394049896944520,0.6129395824945260,0.9430758377447080,0.24069271183250500,0.12150137630091800,0.19747048985993700,0.8869249002092700,0.645810812655206,0.28590678923916000,0.8159469389686170,0.861369996363436,0.846514338690278,0.9189265336395550,0.2522410201733620,0.7550419287462780,0.46053949727414,0.8419985528900620,0.7284906771616130,0.7764474464997250,0.6561618376810720,0.17742876946970700,0.5450269188969380,0.9846697395245080,0.9373880664971190,0.04317373579701170,0.16481481572943700,0.1317287734545620,0.7259799099852960,0.8177853298569450,0.2135113663106720,0.505852692951829,0.8407030280112,0.7328015447662510,0.5422372054918480,0.5903476904587730,0.50836054691628,0.2975484513188210,0.5650219928590160,0.6888853020500910,0.8733229158608080,0.6362913539792480,0.761121537043158,0.160071634954573,0.4615574744197900,0.009331619827093300,0.24667886452162300,0.7264617151130050,0.9918099513493640,0.0991780995872159,0.40149431586128800,0.8000709686991600,0.20403563462889900,0.5550849493022860,0.7330712960296750,0.615985450260179,0.18802473461541600,0.3553845686857390,0.7837917844853970,0.5542265141320170,0.005229613542912740,0.7609907600280940,0.03531135494023910,0.7457337827312320,0.2024805601652370,0.9580734801193800,0.3679407513020850,0.3269316163380790,0.14888805033244500,0.3056042154902150,0.8766507618282010,0.9963343376272470,0.36830953050684800,0.44861063095454300,0.722070938202737,0.8861957804650750,0.5930443341867840,0.39152569817782900,0.41262184084862400,0.6956181464968070,0.0032182636042786800,0.6195893374598410,0.3554930104413570,0.7941973312770840,0.09299063982313220,0.5882022669483910,0.48097288988612400,0.6423255259052270,0.06485359448296840,22.431299045136700
0.5799837874281310,0.5614845879595240,0.5606600944161710,0.6034876665964550,0.6764679372263620,0.8049889996807700,0.26982072012821400,0.8250494101800620,0.4982556822634540,0.07705827913433120,0.0585509292439792,0.3342383186960610,0.7848969771114680,0.7076809347409160,0.7886149646724060,0.5172690564416090,0.44019899795549100,0.14745252670628400,0.32819275360931200,0.43401936617387500,0.08860042967961720,0.22061195271121100,0.5982252940637390,0.7356631142391900,0.9983475113929500,0.9331133313435580,0.6425651995351920,0.421248053294072,0.6361773647082330,0.785651618080232,0.11833619092338700,0.40990488969628800,0.8398022856356170,0.383832951933044,0.5718722712271870,0.5877693608621980,0.18447625313363900,0.3622354416522880,0.33451128874193200,0.026196708532064800,0.024191763891355200,0.8316970436757740,0.2730708099728120,0.5180787662388150,0.29872557358877300,0.9406792451153410,0.25929675886577400,0.4296568127389350,0.8727302504846020,0.8419335667918090,0.18610141784627700,0.8026433097957100,0.45818688673789300,0.4829688720853550,0.13347997241594400,0.08060151375712470,0.7279393069737650,0.49646115235530000,0.43685070261518000,0.7295082286523970,0.7655128989911100,0.15890816766935400,0.6102251494776410,0.13535408227768600,0.7513750860290460,0.6569551562671400,0.956614621083458,0.06895801635642120,0.05705472115125430,0.28218707469320000,0.26170568373590600,0.24697879907200000,0.9062545805210370,0.2495461998495060,0.271949726128631,0.7593982624179640,0.44973984245054,0.7767105569551810,0.06536615756438520,0.4875711936733840,0.03361360018328260,0.06265320345535450,0.906437453344411,0.13924537111759500,0.5324206822752170,0.41109560260070700,0.3473433262588430,0.8998333456872730,0.0218233967754895,0.6637896861755890,0.9633944342135500,0.5601681834618420,0.9368224620330920,0.05225787928602380,0.4187933190741610,0.26015779096205100,0.7308209649807300,0.9812970904972470,0.2565300624442480,0.6541746014740750,22.331665282235100
0.19809763275974000,0.5653302545716100,0.4639324866883360,0.9720053296315370,0.6085272726964670,0.3495063720868190,0.11409578488793300,0.15124682873493500,0.2253169299512350,0.250966661340298,0.8506160578411380,0.5612227882825250,0.5233909113743660,0.11476887186921700,0.860139693349435,0.7228143032084840,0.06766836190000160,0.7078350972297690,0.5435382173426460,0.08172534574677830,0.45830064152865600,0.484696287130047,0.16577454016327600,0.9456981470002820,0.8499753714806620,0.6690223373291080,0.4622955610006070,0.4117655415845090,0.6509734671509540,0.5454318694069060,0.062273105881885600,0.5125026487703320,0.8064036172328400,0.45923987759695800,0.05195657755426840,0.7862781993840330,0.2013637821359740,0.2586208348880390,0.1647063534322960,0.33021506487149800,0.756751505688635,0.5193858595039370,0.20488127415071300,0.8778300781520410,0.8795818549515290,0.8705784250460070,0.23879621138153900,0.4512393441809880,0.9849896561408750,0.7720124763099900,0.027167421225559800,0.06520459126049210,0.46393137681233300,0.9092202058615600,0.5387017979527140,0.4978125080342900,0.10547369995663100,0.656780104724294,0.8221031606002260,0.38042000750756200,0.7756118509253280,0.9644766539008120,0.2037664591276890,0.5233296311947410,0.28713795808457600,0.7928544190338390,0.5775933658811580,0.6345824175503040,0.7979141596158940,0.3959704726624550,0.9150900684070430,0.53302886724614,0.157954822835348,0.6958991181688030,0.7932613504382540,0.31676167706752700,0.857179256998753,0.9061432547657660,0.2769044873778090,0.9835214727152220,0.14071152804875800,0.20201566840249000,0.18422483923802600,0.8939897100078700,0.6542925523249620,0.15210428322227300,0.440323418368349,0.615298025069802,0.08346408498938330,0.8824163684073390,0.8036035354415350,0.5052067735766380,0.9671266152591700,0.4177609792751000,0.9841103190364980,0.6679199988036270,0.6346712732539420,0.165954895295785,0.881927758304644,0.42748968792061500,21.364400994745000
0.16223340578247900,0.01260751997575900,0.5597556836383830,0.5273996221226760,0.7193536223691590,0.8902580530178020,0.07940658464302950,0.7314964903403620,0.18741194409758200,0.858177053157164,0.8190635138616560,0.5407937549855440,0.7102427986233120,0.3143501131837480,0.47116789893281500,0.8216368977104720,0.4592651971732140,0.3577982653254420,0.4942124472503000,0.8282492524372180,0.33520804737087300,0.1737615931357440,0.7120140203307810,0.8259782127080820,0.10063747852353300,0.23987411275594500,0.1419719897609940,0.3479414115821670,0.45035097890541300,0.7488263369633070,0.6511475848816740,0.6209285674784310,0.3523749466096540,0.8414475530847600,0.47128716739816500,0.9791049380151550,0.6341421382957370,0.12626474156450300,0.676177562075434,0.325104015431699,0.6863271966860970,0.06964114816240570,0.1748814371759590,0.8557372589057860,0.2271795570235150,0.83704112524294,0.27927608845441000,0.6428819100587080,0.694150573509831,0.5126547531450530,0.3053106766967310,0.21264437637109600,0.03318935456242620,0.3039464012407240,0.653162790531283,0.9383048184484830,0.871204482263052,0.7660647765353030,0.7884473432532990,0.6649849034759950,0.260286857566003,0.9071950307058300,0.670732311905834,0.56044063098044,0.11098946921348100,0.4470555438064250,0.4603582712019260,0.86456360952267,0.5466482201877890,0.38040054897041000,0.9768003285106590,0.11072059332631600,0.4225484283119450,0.04202467517140530,0.7399041207669300,0.9180765521991510,0.28003732955048900,0.8583416767991210,0.29221823046189800,0.9107701616439150,0.7539619035967840,0.8049067768414390,0.0180065556004545,0.962810357074026,0.7266709920703230,0.3047510953861330,0.8293946648588470,0.28152119841493000,0.872753839566128,0.11258039041193700,0.7036859774607960,0.5406984766449100,0.09653447019544080,0.24189382825883900,0.01240403627731480,0.46876796546450600,0.3012652607600000,0.5983574842977590,0.2972378077086170,0.2999191115069850,21.844084982282700
0.7431931987316030,0.04814283597835350,0.9028949951919870,0.8522638743911820,0.6678046832264070,0.5932215701073840,0.8923024981396520,0.18533017952871400,0.07896916219082860,0.2395101699095380,0.7945782787001900,0.03467026672648330,0.5828068350834900,0.9954375161913100,0.8556960938375390,0.5214456890435900,0.06364090928664230,0.8313735143857100,0.5989785081772110,0.11493299705956700,0.0938572848233562,0.9096268194365920,0.6692002629380780,0.8292867993167560,0.8789789002822670,0.5717723520483220,0.5174463517550410,0.4304274103209900,0.3169465877911190,0.43459596085871200,0.7738796557301560,0.6019234310151320,0.8925232899548460,0.4433800143791880,0.607089578718754,0.6313075530919890,0.5916971623063260,0.7026337730855160,0.23743346837480600,0.5123637775457910,0.10422480280834800,0.38451132764481300,0.4876670686212640,0.6522242595454730,0.9505310525862040,0.6006510665483560,0.7435939161765600,0.5062660594952030,0.6341040313763310,0.07093221613377340,0.254391580841847,0.3618530932051390,0.47249335500651400,0.045648745502383700,0.14002409755331800,0.2768143077913060,0.9715326909010510,0.33134700710305100,0.48204105811208300,0.19609771273839300,0.6107800710757680,0.2806832155159740,0.20699257843842700,0.5165726284459790,0.005505799160420820,0.0076640326492253300,0.21906880910185800,0.03672136250082110,0.10802575413069100,0.3388606493387520,0.8025856795798130,0.5720486433693010,0.5126677259564160,0.29348882320812200,0.9317537194328160,0.39701504123719200,0.08709276679577150,0.6170665161178010,0.11383839347660100,0.3452231428016920,0.5074119387178090,0.8742225246851760,0.49354658034011900,0.7022587660316640,0.9928168389990700,0.13148911989798200,0.2747315255195200,0.3945760755976460,0.42182817853883100,0.41102107526554600,0.9076110025565550,0.7140326444668560,0.6079052140907040,0.3093727178627820,0.8237903842212950,0.9550605114849890,0.8211982825502270,0.0015651051914729000,0.636401370183407,0.051135381442100700,18.201173103956
0.25760722033372200,0.059524700347771700,0.6037954529493880,0.6865899134926070,0.11448763806590500,0.3838388830449800,0.456236508955542,0.3690530217609170,0.12102500048519300,0.4189477901874750,0.7511780478084180,0.07100766453325550,0.08018001408190350,0.3547712918359840,0.941725711618925,0.668572646722914,0.6786699566725650,0.36191999083786500,0.5936607912085380,0.010131184027743400,0.6360960464095420,0.9132869475762370,0.6125734683448190,0.873698593466345,0.7239730554660940,0.12055841640369000,0.9024533072858420,0.06644384435577490,0.5339674725477640,0.14213712379345800,0.011706610730904100,0.422034260127639,0.29504070765415600,0.486000493797603,0.5771998867345510,0.04373907230894740,0.12300329512374600,0.5586423964504250,0.34316735317265800,0.729173487549448,0.6522916485919400,0.8456043629899070,0.6924928266692250,0.42993107739014800,0.6729666223944320,0.2753811742554190,0.3063134987782130,0.7889851599207930,0.4464195164015820,0.7983803405183530,0.8224223736682780,0.8575623376612840,0.9166352358412070,0.43098522051329600,0.31886681832113900,0.5821987465941140,0.3711724234376280,0.601074166800233,0.7055858626438250,0.6884050184921370,0.37455288702012100,0.16686020169875300,0.43052933846220800,0.14259414408190900,0.8900970351838080,0.3458774607378570,0.15445974722332400,0.025447759905750900,0.6458223862864840,0.6369023174547430,0.34060416658129200,0.071711888847651,0.409628894895232,0.3112174950633940,0.6771206397350090,0.6057792494526900,0.36459372819754,0.2178925542549900,0.9880359661555920,0.45400162119611500,0.688274235780237,0.14055296757836100,0.4855896996593980,0.027536719869465500,0.50545511791045,0.9640174071177020,0.3842067129858000,0.03899601257491160,0.03095579091934350,0.3879867599468700,0.16002493646319400,0.023352096328185900,0.7562136139501770,0.4585230088818910,0.2892447719726550,0.9000831830164810,0.11613896020052600,0.9559188289553190,0.3139667173773530,0.8884036723086810,16.448055441948600
0.6029428764794620,0.8267073597414880,0.9840131632104640,0.2884054378187460,0.961135485407593,0.38948189490242000,0.3855119047369220,0.3403871042545060,0.5414076073475850,0.1541450431784870,0.5537114853580110,0.541704812410004,0.76190181260487,0.8336499619375860,0.44044135031242400,0.30233324935149400,0.25933489731709400,0.19462383670487200,0.05764758219902490,0.34244797883471300,0.27024769213078300,0.9664173858664070,0.5577088262500440,0.34727703903050800,0.580467600993696,0.1391967013456960,0.4440437492022030,0.6262343214210640,0.4888978317924510,0.40177880065432400,0.9938483888996980,0.880314762148927,0.6234059581594400,0.5693773611822830,0.620660479824584,0.20131210782243300,0.3951377432643190,0.03945953289089930,0.47554603748682700,0.5430245839576630,0.2277497361032100,0.9640288471655140,0.909454610937242,0.7221432354559060,0.5333866287653630,0.869969159647685,0.1306523438234630,0.790509794274885,0.1248208139668480,0.7942106625494050,0.27576756825135700,0.8770905810181890,0.9440420938253980,0.14879596940511600,0.4626756050653940,0.9809873781626850,0.4834074359731470,0.8635475225145450,0.5887315221313200,0.37532990791960200,0.2857835555258700,0.20322309108608700,0.7617981913776970,0.3865405068230280,0.5112754622007510,0.4923254800011820,0.5772790292331310,0.8655771456245520,0.9807393435834290,0.40758420857381700,0.8275189221063030,0.7645277946547180,0.5735289514555730,0.9560471436119330,0.20047451552840300,0.10926421030962100,0.8539619669554220,0.4391498166337480,0.8469688542070610,0.8930902051954150,0.06245759361907140,0.8834647629860610,0.4483190553694220,0.5104324890042320,0.6265925110932100,0.9263826067300870,0.01911609442976400,0.4768434683178170,0.6877220424305610,0.7227069576982290,0.692532431537108,0.13443512940812200,0.29939558837168100,0.35871552541701300,0.804437207679505,0.278759872414553,0.21070496386720300,0.9574480190380960,0.0088632851134689,0.9978208556819780,29.553193239576300
0.6768212988573960,0.8284692994491170,0.29461939634619300,0.014315277667060000,0.73786951856153,0.8341445970006760,0.7404761319535190,0.1428502873008390,0.7534279222569690,0.768922782107641,0.6585405156700550,0.7661159327955860,0.8459214396777320,0.6136041142374580,0.08860471396967910,0.48762780966721100,0.07764933467160510,0.40754303103243100,0.40710648912562800,0.06600984414024160,0.3488205339694790,0.11099809879131500,0.8082352100092220,0.9476880259644710,0.0723164752579386,0.9551152072917010,0.5225765993367450,0.2995656779538740,0.07686207527616350,0.5006242680704180,0.7945155444907490,0.7070864772666980,0.05022601146397380,0.07290183536790350,0.4028732826326370,0.2952904940479430,0.23238432305604800,0.2810044989087140,0.8034827432968850,0.9292280536318540,0.4051026945275660,0.9061110021324970,0.32149570124788200,0.4764369863437920,0.22602899781600000,0.640476042175844,0.9789811151748090,0.6034930960433790,0.35781408411354900,0.6478174459905280,0.12292067846538800,0.8886590802653990,0.5030839507798360,0.44934974203964200,0.5858647884535190,0.6247838627894030,0.07177580622651300,0.6826172212234020,0.24193168031553000,0.7139526325065900,0.8225347943841970,0.8039585075525200,0.5525009674078890,0.5201698923107510,0.14287596133941200,0.7753461504031360,0.27140938044671400,0.49669542281794700,0.2842740929275170,0.13382836299969300,0.6295576968917370,0.05433203482290380,0.7486452341262,0.31758679526111700,0.00013469300448532000,0.5111291392372300,0.046851908527603100,0.27616955782089900,0.7069764874557160,0.06268962162186590,0.8393384923560020,0.003819922658583110,0.24682386920190200,0.7409040561520710,0.3162701497293070,0.10189238806601400,0.3602339188004280,0.27039328638452600,0.8427119021605550,0.31334791758514300,0.7889324717760070,0.8918721448107350,0.43381741957653000,0.909943143854392,0.37731805396319300,0.9640784164901080,0.08928952452557290,0.6870192665032430,0.49381404045692900,0.38764880545564700,23.949628888061800
0.6327118787486010,0.7038570916343310,0.004363269650309090,0.16695308874719900,0.7130460506343190,0.6663854135782070,0.9660475051286770,0.761037790250783,0.950772707731338,0.702540501534807,0.29805220863944300,0.10536492225085600,0.7818238633449360,0.6441492214759160,0.04818601239329620,0.36005046590097800,0.9567998154842860,0.5004011457102010,0.43272913601970500,0.457699605159294,0.20888272400516400,0.3687071708647950,0.3698132559871770,0.0523550201874724,0.7675676285179180,0.416504431903879,0.8221798868164230,0.8503480011198950,0.21199405469865800,0.6573534821701290,0.4722818041629820,0.8801567379214850,0.21574067917645400,0.6778132003100440,0.6077521222527230,0.2953014775718330,0.1366009036511730,0.6516397604772770,0.7385974581323310,0.31562734376335,0.6448326040223140,0.39513090761150300,0.7132068832826180,0.1992152748940530,0.8902150026361740,0.28740959646558000,0.3677859877561530,0.058091952080349800,0.1115122123212760,0.5158619027123280,0.2675926767279720,0.8354802257421940,0.014693388654953800,0.3790940486719360,0.3373455467690930,0.019327630917601000,0.12436839900051000,0.41364267491863500,0.49286458444744700,0.4042897472548690,0.5309376784120940,0.5951316749056820,0.00992382112783563,0.4640951594535040,0.9634992408875880,0.5190322801295490,0.6775422674589530,0.3118638579168830,0.7739913781527630,0.7729214818761150,0.521296047654139,0.9760138232792140,0.12555021476265300,0.016947664889581000,0.770158211757096,0.8071555373648830,0.12020722912057600,0.2655828329586060,0.01755236336662890,0.2933086107805650,0.7731418739186720,0.5179605277125790,0.3480955931682880,0.3717392949063300,0.0013536257154681500,0.2998005275652360,0.6464587416379310,0.9741944438163570,0.8470608269839000,0.023594964645529100,0.8985606046748390,0.7831984132986260,0.7803761235709800,0.4579957590035720,0.3980052929545030,0.3029157288331930,0.06569485895436580,0.2282353634936990,0.24660363497802500,0.4840770697102020,22.954952719804300
0.747444406596694,0.4738098283979470,0.057844449447160600,0.9577898009882040,0.9427243190941120,0.7851895431484080,0.9913279015642210,0.5444823328002630,0.9627683502532060,0.07560504061675080,0.3656807482613710,0.22538126800676600,0.19583308413427000,0.14080294889267600,0.6224136415659970,0.7813218557473050,0.5782983994203610,0.14696270958821000,0.8111237699334710,0.6359547071637290,0.3881657061269960,0.674130295536063,0.25990497924283300,0.3451922084942110,0.9174858431319900,0.2905045056714200,0.4699882681579370,0.8901411373960150,0.7077213502675280,0.06220322616470280,0.14730304427897000,0.007841590771916820,0.6309217902291630,0.4476734254104180,0.13427485090227600,0.9579341210567700,0.5296597239456200,0.24189329411288900,0.5006035711547080,0.6796203327351080,0.07623921797356450,0.274703815047892,0.8069654908839940,0.45966487040266100,0.5465771420322950,0.43281600220946900,0.04389994264300510,0.16574977982015600,0.4455416387418910,0.20918546540792800,0.04997902865967870,0.8436496640518240,0.9811925291641160,0.7931428739967390,0.853784921704667,0.24197713031704500,0.9606269755132000,0.19692570445342800,0.9514298103618320,0.994819293965951,0.7117228057460490,0.9811437317918220,0.5695397795671040,0.25954178317609000,0.43699588566562100,0.593560935378786,0.07308156202701500,0.6223432646172460,0.9811778367622950,0.19010764978372800,0.7925951162883830,0.9078987937796190,0.9437015928202210,0.9601356044054470,0.5214596387214720,0.9773079079915040,0.7573102071344390,0.1616714362369620,0.47690010646797,0.718331175372004,0.24734031581908300,0.6406151835488870,0.6666004790466190,0.1626997438085660,0.5650853124527560,0.7716269109786080,0.4988956645359420,0.012103116776107400,0.009038469079292180,0.3570293439700120,0.926194068431782,0.22867677960360900,0.6343636888716870,0.22207587069332100,0.3216699896595490,0.848042089601484,0.7288614422699470,0.09539927731321060,0.4287020209864340,0.029169763645264500,25.829856969111500
0.480890146603009,0.6624340117010680,0.11850262359815200,0.28888493890916600,0.3978366255021570,0.9195310246560500,0.993255015422964,0.044911298995615900,0.761007923495392,0.37172406640234300,0.39245818622948000,0.7542649733470230,0.9184264321454090,0.9509285945025480,0.5771225860383210,0.3571211593005030,0.7875490858587790,0.25100138326230000,0.5640740288335180,0.35857846152487300,0.6566310737078760,0.2403989128935070,0.19159294573482600,0.9182390866754370,0.1018036829495370,0.5059579077349320,0.22085278296300900,0.03892996332566750,0.03601881829142640,0.17522177210582700,0.8667703545060000,0.28247874397702700,0.9504591705752960,0.5816222929891940,0.4366141897687660,0.5800888346694550,0.5166983852262680,0.7587762537573250,0.28249606597285200,0.3530503916003020,0.8940943025332510,0.9464565131504060,0.8925582274864750,0.4194479939573140,0.7803655030068820,0.4763357333010990,0.4975398521461020,0.20468010905728400,0.5911303032585170,0.18613589775334800,0.33156469906719400,0.8550302016199350,0.20707580921085500,0.07115828517343280,0.0690075926128163,0.9407845205031080,0.5069204379618350,0.40941207181701800,0.8108785810079180,0.835825927910516,0.3321910331156050,0.6936180574737950,0.7711228158518870,0.6546506868659550,0.15159507480009900,0.875883083517057,0.5390945527360090,0.2824724263700040,0.4252281854376940,0.03757109039890740,0.12786680122241800,0.7655467505158610,1.16347553661411E-05,0.4165658284822920,0.5225101810855880,0.054634420000972300,0.9730781629723330,0.22612533124967200,0.30419871963628100,0.30394251225502700,0.2304166621173500,0.001473822086311420,0.7293447940879960,0.9668454997992850,0.22429348328504500,0.6630471918034220,0.7418963269587150,0.8484253790905250,0.4226291970136090,0.30293090564042900,0.3252951340230310,0.7126213330985130,0.816779466505636,0.18161396775660300,0.3709410081577650,0.90194019674915,0.8066935196947390,0.9848584027624760,0.7542482596820810,0.39319520102792200,24.492876508582200
0.5906378339946380,0.6610142542473200,0.07845581631712400,0.5444969591038650,0.7093208284726100,0.16732130400106000,0.7806317174255570,0.5837727805141120,0.9522217856975950,0.042422298206891700,0.26532613755546700,0.6015538792998240,0.2965599122059310,0.7144241640712420,0.759005282521931,0.10251596406647400,0.5138544642067680,0.5088905555910560,0.36928077021554100,0.9329248625696720,0.8275063198732210,0.6972093819096370,0.7143266357349980,0.4617161438131190,0.9209945210965760,0.6945954272532850,0.7289810616558160,0.8616909037873450,0.274071589342191,0.807070903866703,0.19524060295649200,0.34534195224488800,0.3356104542698430,0.9785254683891410,0.8565372237479270,0.7011698615902600,0.7270567616153900,0.5620727944025710,0.9470906671085190,0.49625875288236200,0.3805177098698950,0.163035336931591,0.786205652261058,0.7344439320755910,0.3843550385241350,0.02519341395922940,0.8389973277180110,0.011417983454073600,0.703699779629051,0.970257109726057,0.43766132814820300,0.23497340499595300,0.7048710100433820,0.8171281420155850,0.5464303160778470,0.9670352752561460,0.0516687216579611,0.5047955983045280,0.7184539473225500,0.862640471149179,0.17925561190779000,0.8000034817636810,0.5527070757185450,0.3965536819899630,0.13171502857909400,0.8652957589089120,0.15727320817971500,0.30978785920909900,0.2900455319624370,0.8714140341908540,0.672702994208898,0.7966813971913720,0.250467898792499,0.6248740996069990,0.5717459831437490,0.8328303767882710,0.9060870604812610,0.012156771477386800,0.6740199190587930,0.05183579911972900,0.5488586650773560,0.2876327290436780,0.3067765995221410,0.3529585034523570,0.6212924490496100,0.3340499656687690,0.7326990505902800,0.4045273855738700,0.06835320030995860,0.7837598424841070,0.285758324592706,0.43276687959926300,0.6854438832219020,0.332456157148712,0.056585656146715600,0.3739210470128140,0.9444485826943030,0.6417343972985580,0.6714791486672070,0.6322821536376400,25.184888271312200
0.1989921389594370,0.41833386410228000,0.7509397983633180,0.10137289755315900,0.27785277608971200,0.2763191084658540,0.432018927594506,0.9803687409421850,0.06750254668382190,0.518700994380595,0.17936468201221000,0.9706765454097440,0.1133035047274640,0.40360100236159100,0.7378849848346060,0.7045544280274450,0.42272863689393200,0.34652416795271800,0.39761237855287100,0.2642762631586390,0.2053329387068000,0.48303969755889,0.2685337560676070,0.2874616648972500,0.6567560634745570,0.9685373316998920,0.6036372005593750,0.07697946706496630,0.07558361385406700,0.951423220845566,0.29729079030733400,0.09206698608247540,0.5990445871503820,0.6236487782902660,0.6485048201186880,0.2674020278575410,0.015110684214475000,0.9650153694544720,0.2508930456911030,0.6760262880525480,0.7066298698787100,0.6100074170794860,0.3129073942136480,0.27109625376406600,0.5976682827027030,0.8660956336116920,0.9467337289233960,0.10590580440375800,0.15482861259772000,0.9447362587830800,0.7365352283347930,0.8829938248297730,0.20263263413534300,0.5875858711094020,0.7011395944174740,0.6801118854469730,0.4081516908666980,0.015394891691308500,0.5829260568042630,0.25310153917960900,0.45025424614289000,0.9575810150838170,0.3990353176424350,0.8398016066644270,0.18854060574925100,0.6724604980250290,0.9770069544389440,0.10189310087293700,0.008319942227192010,0.43358279263261400,0.0926254830513672,0.7483843496762310,0.9145486638485590,0.43402097270875900,0.25871164215544100,0.4344033190066100,0.723447817850001,0.009054161580370980,0.5894539894846970,0.6132916848873790,0.6376882468959360,0.2420220799808770,0.7140527233781270,0.0913914863317764,0.1992703364668010,0.8774700466544820,0.7387231507265660,0.013745554011345300,0.2483762603698000,0.21440648299316500,0.2708063280369730,0.2475597702798860,0.06252629574284570,0.45894051659682000,0.7327334747861650,0.6067317247174360,0.6728716685980800,0.08114917853623920,0.9514907101767870,0.8384918338430250,21.402932902137200
0.8050903184956630,0.8229838050417680,0.9327105081327610,0.5442539661136980,0.2002820178676260,0.6167836078525410,0.742881493667939,0.7379173933540250,0.5214490241668800,0.06845871933357810,0.3711129384301280,0.9207666084633570,0.584448909757426,0.5383319432557130,0.2688535143821940,0.3684489199165790,0.8953460891531690,0.6664630475268360,0.7873870267523330,0.45434542306765500,0.6302472194561580,0.24838360874320800,0.7054608302834860,0.4276013337033370,0.4425455148147460,0.6493223245768820,0.9362806214689270,0.06400634660862090,0.8247432373470080,0.2923831104121930,0.4439194545063780,0.021913328775009000,0.30104607783431300,0.5026312426301310,0.05617607734743900,0.49109572938316500,0.9271106288584270,0.10539321810780500,0.7644407280755040,0.40967105337599300,0.655173714524338,0.26023659798522900,0.1594922625413580,0.16046261427122600,0.07049194564314470,0.18564670490124300,0.6642193849889680,0.881690611843508,0.8141256855911620,0.6851343098744840,0.11043186341110300,0.28918744629595000,0.309806875322469,0.24995694639762100,0.5150056597097230,0.5355538148796730,0.3568859751711100,0.353789158736436,0.8285555979060810,0.7892928483196860,0.30779583168074600,0.9137884438732590,0.952815017002506,0.32674254203004100,0.35442494879305500,0.5056341534219590,0.9411208125336740,0.8763194331423120,0.1025679625835900,0.3927307432714160,0.5533711897497720,0.50313247255154,0.19386306793689300,0.8588167711681550,0.6769407829968370,0.8379083748518040,0.8587642793494720,0.7483558536657400,0.43921060124971700,0.6105467550154250,0.16036540611974300,0.6736454174749080,0.17925325573928100,0.6939495905101570,0.22959816075396900,0.11755130015022000,0.16528449014295700,0.001992135219070270,0.7187396178535300,0.7324010490583790,0.5149333499132600,0.1613628010553840,0.08355433751068980,0.01912896643728700,0.1657481769652210,0.8908555349831470,0.24153684170168200,0.35427132721721600,0.10534548448133300,0.22236130474817000,21.55842559596280
0.5192245707802050,0.6077526830956530,0.24535231416621100,0.05773215922511720,0.39103286912739900,0.23420337092633400,0.21955392322980200,0.9598628027134550,0.6163004859257240,0.5568784431720960,0.4157751035233220,0.42894433343014400,0.5409050038380810,0.6964298070361070,0.7021460961818290,0.17169390770545000,0.500112752076627,0.41195809503410200,0.8705269662693840,0.6314189212183760,0.5325040664159820,0.11539464217891700,0.6056378893234110,0.11720390568023300,0.33720657556575200,0.14284196481433200,0.6920736470243690,0.2062521138361530,0.391859373188026,0.8956747776187790,0.2043163833989700,0.5078050639587790,0.419271661166022,0.018124041045729700,0.7927581135728130,0.06904590631459970,0.4742550209769540,0.5606782949389500,0.6284264566145870,0.6886316293078760,0.2532723835227150,0.009978776658449370,0.723443662354912,0.5356565993475790,0.8361177032072490,0.8213883629006940,0.8433261677878830,0.48509465997954000,0.33362839583686600,0.79155820259137,0.45129411302925500,0.1834421964034350,0.8549740195614740,0.8825598767723470,0.4663097561401700,0.07569972730978750,0.38782608991693100,0.8035376594626030,0.9017740285462290,0.20347274249759600,0.06697361202527150,0.8773504531328390,0.3894049389788750,0.5417609642675630,0.9680658120507590,0.06656472791422290,0.6483180074520960,0.07410542257486710,0.3754689284665000,0.8038145451934470,0.4334722327556340,0.9971823539029500,0.5590592849466020,0.3211621526359540,0.22011132590475300,0.3505205342861620,0.3725332737595510,0.06871367772396100,0.36957419942677300,0.4642385197392250,0.7227377522388050,0.656729484721608,0.7087656552291540,0.008363681876857100,0.21766739958053600,0.6616842883998570,0.48398936817974700,0.005313475668345950,0.8044946424318220,0.7728095732903370,0.5484191629935630,0.06646332577627210,0.7665150495325850,0.583713587731364,0.7819599771579590,0.7517469923958400,0.8030020719578370,0.5180080664046250,0.140324518193515,0.6711574733796890,20.764733951423100
0.6204737850519710,0.7422531871990870,0.1698810060507350,0.19497519990028900,0.8904095172193290,0.7499777984520710,0.9082284887003230,0.7587153211639210,0.5971553059903020,0.6541327370278740,0.88912792394001,0.5788067545119410,0.6323913243283870,0.15647671600360100,0.4739212201161030,0.716397111958099,0.2709426983163650,0.20225418052453500,0.31382680822441600,0.24150062799283300,0.21491263703639600,0.42485084286808700,0.9078385138835340,0.5070596467387180,0.18792038081532300,0.07697166938087410,0.6961561451379250,0.38279876443638800,0.8218309465853590,0.6595107686407700,0.7962414505413690,0.27194603941844900,0.6923589224610580,0.2640619846937190,0.9390684794502920,0.6363742815333740,0.3245118001753420,0.26951186229227300,0.1909265850716440,0.6946409588937280,0.2187156129979270,0.5953032659274890,0.26463502692535700,0.6619689447938690,0.8149397285405390,0.7780252431446530,0.7608513309307820,0.18772240569225200,0.08838494698451870,0.6989488284873860,0.3683472137943510,0.4323462264033470,0.031149092793391100,0.2595764492750490,0.03367640387446400,0.8791857726012480,0.24339668321853000,0.557337169573008,0.03897932066113040,0.6668473913056580,0.32302734575409400,0.8979191869576660,0.8881181889340360,0.3252906183617480,0.9009608956904680,0.9961576734987790,0.8254156641239480,0.844871347755229,0.2490087361090900,0.5767023988577560,0.06725591396736790,0.09491793682166970,0.9988926120332910,0.32663924942591100,0.7481839120488460,0.8066650530268170,0.8580232710072290,0.9976282974021570,0.24149648525686800,0.04035082685969970,0.411191517994586,0.13008066982894700,0.022425889162055100,0.3604268271414860,0.7837382510752360,0.5661806912250710,0.31277798921035400,0.6543420054927200,0.23201818030881100,0.014381446072085000,0.7643533864364270,0.6237430848640090,0.76230262450096,0.03893801668766560,0.8371196278306520,0.6195262000363030,0.5633953507126400,0.6246140481145320,0.8644332468683640,0.5869365065589070,20.38672980885720
0.5809503798881790,0.9906791570657660,0.756730167068568,0.4422938054511350,0.7073970000329280,0.3892304716917890,0.228875462483499,0.5968518768877590,0.9281820981139520,0.9291395200154630,0.3419052781054900,0.527677466221695,0.2116358985698610,0.9956311094988830,0.9811179078679360,0.6495089297074470,0.8044140596774730,0.7151001612837,0.5931582190394680,0.053347996988897700,0.45476434255266100,0.6747863021674110,0.6775316138836850,0.3731226184223840,0.9416919866580310,0.167357032236781,0.5003594462155610,0.6908839765508230,0.6971358058918090,0.6486389567688160,0.27528821345186000,0.15620656868662200,0.6359403268267110,0.5993021161394380,0.17935601028924100,0.7051391455705630,0.4551719917336560,0.6677605916031530,0.8373670797701510,0.16972842857692300,0.01914486799683670,0.7791025863957870,0.6096974251526160,0.6996395696221220,0.8381549749886430,0.8028109348245010,0.9609201469288250,0.5359350788521180,0.48849563265990500,0.4018871998907300,0.15369104284420500,0.5726072328820220,0.2770125243259790,0.9213075122129760,0.5831908042770980,0.5928401805081100,0.35492466087701,0.05198935197770750,0.03174376537298860,0.4233351441531980,0.08456537809723790,0.6068469555401390,0.8809730056396570,0.8829148165187220,0.6590454101322320,0.211231831472931,0.8629968313588720,0.8860934353132080,0.1966535849529590,0.7374260857706770,0.28651954892712300,0.8026403123529300,0.9972378999036030,0.030026005329392800,0.8973658657909320,0.622630533598658,0.9733826191648210,0.4650095175264280,0.8473879305713740,0.06239406859827720,0.3352790500782960,0.06701653775121000,0.9753431334790710,0.8169739072718370,0.8525474212459710,0.9379652314338940,0.08510348611978540,0.38559759251333300,0.07103488904400210,0.21079310155002900,0.22936577703767200,0.4691072110475790,0.2685621674536430,0.10097810681776100,0.1674910890941080,0.14727556355209100,0.9730767979122980,0.7592925069184740,0.967761465269562,0.43974048650790900,22.766847445116000
0.2783684816626570,0.7982931972091870,0.3262539180411470,0.2993833737053480,0.2325059922078310,0.12967897822423500,0.25646306101676600,0.3553197484738880,0.6739942081457300,0.06256484221945160,0.21050693966534300,0.8090236402916760,0.14692192358377100,0.34264514652252200,0.8646589218581400,0.15492531114344300,0.0827368356181899,0.48453799508001100,0.3024195112785360,0.5634083644838540,0.8038048904834750,0.13714848815274300,0.580699084554285,0.5055087603898640,0.14407878601320000,0.6239984855289820,0.27364041786077200,0.4878343185440130,0.08227232427706190,0.45958405721362300,0.3064634680428200,0.8223812111853540,0.05697872699736830,0.41860727491833000,0.458431424131438,0.7250060762991190,0.574287575090211,0.667212337194181,0.7770492856517560,0.8622029736581890,0.3138754967224710,0.538022705363903,0.8401080784392000,0.9894511309650560,0.8895193110437630,0.3714672626243770,0.19516651721865000,0.4893925374065890,0.7416414518360420,0.4925690707532980,0.4831808633136690,0.8382304210818010,0.36140377906718600,0.8597946748116460,0.40680480095172400,0.3282331056783390,0.453989911199699,0.7624469586748680,0.12600202786399400,0.19641921587201700,0.951444825663092,0.17549162738135700,0.5677273179310550,0.5793144666619380,0.4896244620502450,0.6447452485768190,0.22982672579761800,0.5526622677767480,0.37217325524689700,0.661667259629189,0.14122354337314900,0.5708774168394760,0.1852703553833240,0.2786430631150360,0.21870980032358300,0.1828377798688170,0.825710951560667,0.28570756766089000,0.9271237818644490,0.9699265253451910,0.5712604699370970,0.1430011226657260,0.37454824337958100,0.797732263348214,0.36739072869707000,0.08701721830278880,0.5567849109281880,0.8451208514960350,0.7959263871435020,0.17512314013035300,0.6727646144124670,0.2205042634356470,0.21820753455217200,0.8740717733051850,0.24966895274023000,0.2632473465180110,0.0006533907612995550,0.8706690341255180,0.7925948132091350,0.627328935090678,19.74769687769020
0.7502657639388420,0.1520485674244920,0.45832359458757500,0.3512193873487810,0.09377652625701650,0.4861304852149240,0.9207396503426350,0.04005911905069450,0.2914609134937940,0.20754093620570300,0.23814665366569600,0.9084345518793750,0.4680690542342900,0.4662994129398190,0.7605756424552820,0.1544922040049260,0.4872653541000510,0.4299852141210600,0.5969106905466560,0.9995577032504390,0.7694488940820470,0.3978657030174270,0.827553052274047,0.17070836331248000,0.030463686308960100,0.20444837246427300,0.34041155611426000,0.5105807574595600,0.6151291405412000,0.9106057172144220,0.5098540095504580,0.5012756446257290,0.05024300982298210,0.03491155265622380,0.5511599619163720,0.4381786132483450,0.8391803949802990,0.16067958471184500,0.024971662117049600,0.44903876793012600,0.23747855675225700,0.04961437333883750,0.724598286847629,0.11159299995724700,0.6083195000077720,0.28104975016688900,0.17349605035502200,0.37975152291931700,0.8014457762229540,0.3920935769045730,0.7507696492110560,0.1254862967991510,0.7727714196650790,0.23693332490664900,0.6773931298888730,0.5657815548409960,0.9291447172116870,0.38732251797531400,0.06616518883444050,0.019155485551252900,0.8268585609727530,0.5247356376614320,0.7752440518349490,0.2344256000115150,0.34508374551323400,0.03010387221131890,0.9614923245741120,0.6678679067008130,0.9332050877593060,0.2654964074290720,0.6114636112256610,0.6784999682926380,0.31754970025758800,0.8481092350156300,0.9471614629002480,0.8848551176960040,0.7390669759393730,0.27746467972495400,0.28161604210563200,0.9633603204460380,0.010284495935692000,0.7160499732421450,0.7062461625552620,0.6226895409497970,0.9901088460868660,0.31187943576372500,0.3399718637932480,0.07893940294655560,0.44279813654373700,0.2610485262348480,0.3433867021776440,0.8345717902556280,0.9354845135274960,0.18573307200518600,0.37250893155346600,0.9286305621153940,0.06180846068922260,0.09236052811137850,0.16279098920622900,0.5952128341268750,20.9204025785451
0.15047227100599700,0.9680763814507340,0.44671452725852000,0.5015179603501660,0.2466586158054070,0.4709602524347340,0.6619136326370120,0.7511771369540430,0.753868082709913,0.5778911126940880,0.9043597749938570,0.8174078473061090,0.7570481146986250,0.05560552168046060,0.006877962219649310,0.21244727719547300,0.6635235939134520,0.4111974888825460,0.40240625929931200,0.8845868882296140,0.8955628481318390,0.9091752640535860,0.3138780765150270,0.6910558127392620,0.27163318127437000,0.19060983307445000,0.18463245734736900,0.34210762086359400,0.4299576197798220,0.8309491710550680,0.1198910934727120,0.7349258473948940,0.5314549141893050,0.2879453426759930,0.4928195845328250,0.29994206977702300,0.596081955238306,0.4338439228552440,0.16440552907887900,0.11658307455569700,0.5466956820721300,0.9024130332861030,0.34395768655768600,0.7330001072226230,0.658661354939767,0.931554914309481,0.8209810172991410,0.566605258905463,0.6570304982341070,0.8983864665840350,0.3995187845869350,0.32679470585777700,0.010811083635196300,0.8265510741914640,0.8009807004033650,0.10445451810015100,0.5768573811327000,0.4639816981668870,0.11870909550911100,0.9805682270607240,0.21469588746335500,0.06723418009056120,0.5948473795019100,0.7388666771330330,0.03244344604718700,0.6587176387270220,0.5322918759514540,0.10326500887504800,0.17252387694636200,0.5679742973160810,0.2963576135132880,0.9383157286513160,0.8187402294840510,0.983567206513663,0.259670838950414,0.969723632797977,0.43123386979155800,0.3475187953137550,0.05034952696935320,0.05276525785960260,0.6920112559466550,0.4579289944340280,0.2265216260361060,0.6139703063252330,0.2528581182501110,0.5776317543444230,0.35920874698269000,0.823552226611819,0.8206961607667790,0.4773503981224010,0.3508191093350160,0.36255979655909500,0.8057145256682180,0.328179482797612,0.20905937370684600,0.08468834187530680,0.4666931208844080,0.4821320989198420,0.8409087104029070,0.22123869644606400,26.4856737527998
0.3809912736684000,0.8084057388936910,0.8236236107489740,0.3846110759787680,0.4591240232866810,0.3032858908492830,0.9325548784193120,0.11864376574158000,0.93374942300147,0.6838664518353430,0.5315721526867310,0.032659060784495900,0.4755961918220080,0.4077481050027320,0.16121881197512300,0.6564096035006570,0.9711509073682860,0.5621888110645250,0.7147532764439460,0.06845045256601680,0.41766699581699500,0.11635848516449600,0.6127958355365100,0.9384821582141550,0.6617777324716390,0.07680304831442150,0.35466620498508300,0.5506633794408520,0.4032077561332520,0.8336440104751720,0.8146710047099890,0.6118310201032210,0.37345794513270500,0.25533637376324400,0.10587431821312900,0.35489768348655400,0.4131725172077200,0.6758229251040740,0.6581598242975740,0.07010813964125700,0.3952593154311580,0.18177886721736200,0.1568127053168060,0.8273021497372460,0.04191521671625750,0.41918287590212100,0.1682036557665180,0.879330215678474,0.5570405132750350,0.23138063637684800,0.5024272871663760,0.7314863597031160,0.9581180089194340,0.22044600424541900,0.8861817721293450,0.9343041141674900,0.9164205445320660,0.6354143568619100,0.6298206544347080,0.4032106331838230,0.7523978823037880,0.5312940183509320,0.6774380712282950,0.42845790384879500,0.7314964640431390,0.8244715176045490,0.14643625660281600,0.832929715574228,0.5402965317903070,0.8446659090902240,0.4313017063410150,0.37904048538303500,0.9150607325172220,0.2511692675484010,0.8442123252861430,0.4840205725094040,0.5140954425512600,0.308468281489484,0.5730422006190160,0.3252111962762110,0.03926941424165230,0.27199860534435600,0.006379043406590680,0.9783547870568570,0.9657472098197480,0.39515529747230500,0.728370854339646,0.345806098410425,0.671093157085976,0.8054300430459790,0.9467562446922410,0.400212275849672,0.7832979829560480,0.2659284506321190,0.9903323037936480,0.025769598764351100,0.603528806501121,0.6595059816513270,0.6880455570741290,0.12038757878908900,24.70846827968920
0.9385297834731300,0.1811832790500830,0.6227534032398410,0.22267607912308500,0.3072164170212710,0.5464585417281240,0.4171934185645770,0.1602256009765060,0.1709364024208480,0.41814478816280000,0.7572829782755010,0.8979646468477890,0.08412766225938280,0.39310390755940100,0.10024556372287700,0.016592480632597900,0.6617186826439570,0.6024494419665880,0.1630191138148860,0.2338128330930640,0.02370775364451840,0.8349472056944040,0.9746905960485520,0.1354595367946910,0.23147521376529800,0.868409523946934,0.9264637979561850,0.41962738280681000,0.050622472269074100,0.0393918336928194,0.5739498660690100,0.392895108893179,0.028652427577654500,0.5832523923125570,0.011302536589022500,0.787371958149273,0.3064328227033720,0.0402580030092321,0.5883522209831530,0.3976844144330550,0.9738004133571500,0.5441986625037020,0.2752391810370080,0.7094388646339750,0.27149200254271100,0.9042432914075650,0.37472197050737600,0.5498685627762050,0.05057310382422890,0.4261212379522310,0.832363539660995,0.8056488053633420,0.22431855885352600,0.22607907101056300,0.8173053122132370,0.9303984201693260,0.09536092127300360,0.45005863942622500,0.33745427896422900,0.8706884554574390,0.08352491468001880,0.2111259425580370,0.7524683375864940,0.051293848981215600,0.49253538071428900,0.44210703467972,0.33440117898874900,0.3945723153189240,0.5299405869302330,0.16136735838838300,0.5719958782835930,0.8054323292999860,0.760160929790159,0.15389990469377400,0.1492494697414740,0.2681743677449130,0.3610747263410370,0.4084555814084830,0.6796972168333450,0.056680432165835400,0.034672704226066400,0.391910562943909,0.6971636921379810,0.19343534295648300,0.6415044812562520,0.25982813794029900,0.8860861088135160,0.8956899442666170,0.2972872042813270,0.2299937539632410,0.41130397206623100,0.24053158518014900,0.6723838432917040,0.8260646845482860,0.673092130911217,0.8243504472493500,0.39699216220747400,0.15631697070886100,0.7379509473975920,0.3604745051415540,23.81075816801420
0.6712708252291330,0.27064394198176600,0.08122963480667270,0.9925817954877630,0.15620150793059900,0.988420993963481,0.9772799325664470,0.7938181039080400,0.6594229620819980,0.5778070502510850,0.8661015453778350,0.28943952161948800,0.46768121248487700,0.6193899693665020,0.4111904758694910,0.427486454090268,0.3302846675020840,0.564231816684536,0.850574528015116,0.20152837800631300,0.9344330387534410,0.6890876537482300,0.8232732126800300,0.5561906926300120,0.7795167014240640,0.01620039733946720,0.8183804247795350,0.04013885908536650,0.8899133763628630,0.9919627472386430,0.2940674621767780,0.21031855628579400,0.7653633638580410,0.2530263409202530,0.8655623831722040,0.10284259215747700,0.12595519637935800,0.9791515551006160,0.6738388982700050,0.8468872244289530,0.324329377351518,0.6764837495206040,0.5942418273085970,0.603150120122947,0.6825324595377220,0.5753591731290990,0.42906236930266600,0.27592269438054700,0.768581330913202,0.2262724300031860,0.6923543061544140,0.23333282264932700,0.6253301699544540,0.7470782671290290,0.2187138889065390,0.05994330086130830,0.13097374299417400,0.6059969672710260,0.8494464062257360,0.04499682123542440,0.7341512590416460,0.3413186459500520,0.4785283699195230,0.9288595498455660,0.33197150473584500,0.46533693393948600,0.013682414760681100,0.08159872000483840,0.258591591134784,0.027852240821074400,0.631375326048251,0.4263983568016230,0.548145202728022,0.17464718589633000,0.2959320294366160,0.6638244748527250,0.9653027236304000,0.0504167736022092,0.8903843208552660,0.5768812013112090,0.5639195667556240,0.5002785352077600,0.06939408590418340,0.08987685173616070,0.6009120056590860,0.3409585714355580,0.9172680665776810,0.40659053735947200,0.14328145870264100,0.714718833502036,0.29335342144101000,0.5254703073558930,0.69783278550517,0.9002641112020700,0.7921911948016760,0.6763610678727240,0.6796331823951440,0.9459246440320870,0.29582409749653600,0.0011120941961874100,22.21654188450820
0.2719545593981990,0.217891379626744,0.6618345851139980,0.633711599765529,0.5934613827047240,0.0162434432094537,0.7287780544506480,0.3235304124854920,0.6650559890066310,0.5565784285021530,0.3427309254279070,0.13457626710410800,0.09441889766048100,0.8315183331122240,0.918397542081558,0.6497880467643000,0.10343411486048300,0.4020272168882410,0.7289392001051570,0.7798208840100680,0.1182186222910890,3.07188453824159E-05,0.712137045880605,0.35659617598620600,0.25448133161826000,0.01289746978952540,0.5402994067615000,0.8511507354259820,0.9576316462725880,0.5657449506132890,0.5144613277398940,0.0850563854892411,0.5488728015426000,0.3799790789653950,0.6071352808835770,0.3887263478765470,0.24029912345036700,0.0949652752283765,0.31491844458889600,0.09664483428775230,0.17689695082398400,0.9873361585795460,0.4441035569066190,0.5318717665050170,0.8736185287372150,0.9955689004906880,0.5827144493446820,0.8124738210441720,0.32694102433667500,0.3057439574472910,0.4027037209945600,0.6725072626736490,0.6821916892550990,0.3152394346494510,0.1332099241366290,0.6323962564655090,0.12832586218876500,0.5784925082293300,0.693422128056309,0.7006114963944520,0.7534721106595970,0.8728594215656650,0.49995899196478800,0.7302491895295710,0.6191727353658370,0.18663993979768300,0.025689644869408200,0.28454138567693400,0.4430337063376190,0.6171059444286560,0.8499593305032050,0.19624571670616600,0.1255497898984770,0.9634799474743280,0.10804455937640700,0.47849107010718900,0.5855637287933020,0.5413744209074380,0.0860321570329432,0.05702691400361940,0.10548342746103600,0.5855876838726130,0.5443448876343210,0.23374079203674400,0.6377741418455920,0.8200675020556490,0.041578959846593800,0.4981299435480420,0.6893104121026900,0.2523119270696870,0.3077709052931490,0.6136379029893840,0.8979352934437370,0.8099244203028990,0.5831302190995840,0.7302217177572490,0.3648224702077990,0.6409655280987580,0.46618159112755700,0.1899361364575610,21.463051340613300
0.7017382738772570,0.556464637348822,0.3586215819535910,0.9113391900786310,0.020934117826733300,0.315773151249496,0.05688139777764660,0.7665273162216270,0.7021074541137930,0.33135221873631700,0.675662902207073,0.39593722619595000,0.7562537914224340,0.4541836627367060,0.41227972783166600,0.934729915488301,0.25087909989070000,0.12044733999656500,0.5845431132594580,0.9693218122841790,0.37783921372718700,0.06203676362878150,0.33930526730956700,0.5059316543195580,0.1619230066322140,0.658102218056492,0.9977493890102010,0.4517394759814440,0.35472855673021300,0.40070416683446700,0.11514617839520100,0.8832736014262240,0.414825655521352,0.3872744114248410,0.6596902729304740,0.4420334209311240,0.648233468807846,0.061446290130787500,0.8137233437222270,0.9405039528794030,0.648765386159386,0.9545659288588110,0.1514323143699630,0.4774161894803540,0.6018067339454470,0.5817366474211870,0.40146177908904300,0.3380844093662610,0.1268240225504190,0.3917424505622780,0.16266081510548500,0.7343656764922180,0.20883093549459000,0.05856530528453390,0.5523661378172340,0.5952297327194020,0.8719130612805060,0.5769816124176820,0.3454808537234460,0.8030118815263210,0.5402788931874210,0.07928028463119170,0.5658505603132470,0.9080185454216620,0.39631262549822100,0.29632580189980000,0.14346945701802000,0.15144552193535700,0.4327714843418190,0.5956798241615300,0.08061540516960180,0.9395685890251660,0.7551336174451960,0.5866239182836630,0.8284386709389910,0.08018675681211330,0.4768388777331240,0.6300931268616630,0.8286529061182890,0.7834695600492680,0.27706924971340000,0.9408801695592040,0.12434584143087000,0.8751336186211520,0.9709402496046190,0.17715352322262600,0.7220660642037850,0.040285518777998500,0.40542282513915500,0.516283299197674,0.5806452259096340,0.9359372482485600,0.6722506872941950,0.481277951219237,0.8096750362658890,0.9505328209544090,0.022066148682290800,0.9825212722560390,0.08613213906368030,0.8143867792687610,21.06255398394080
0.2803347525514130,0.13217965775387200,0.4398556397138350,0.6439565794476140,0.380951845023475,0.05456540828269900,0.5994611396587170,0.9024032761106750,0.3832153659472520,0.21633277763082700,0.4425773459328150,0.04836271104878090,0.8204875844802750,0.8263408109501870,0.5880004634296280,0.3531028889383900,0.7997833644457830,0.5546870247883670,0.8259323085500160,0.6314587925830210,0.7844054732127970,0.59856299321776,0.4141410682156660,0.9579458599261380,0.5411138248788450,0.6050895185405380,0.22048763941474900,0.6256507894272770,0.5716076494829440,0.18483839794702500,0.059587097353143700,0.6043593197147710,0.7636922693503210,0.5234013709220080,0.2267726253196460,0.6665219766930350,0.08010572660960230,0.4418337048019550,0.1633667583984200,0.18445905105988300,0.20229394915820400,0.3867070570439780,0.051150205620397600,0.3977934409290980,0.5117074471147010,0.4832942849663250,0.38278410040304100,0.8391466080707530,0.1453266924205040,0.505696743781374,0.062041416956554300,0.07115567887790970,0.5738658496770960,0.566018424887821,0.878033512844457,0.5578736756600730,0.9597910204048500,0.04869484839992980,0.09800768478074110,0.04406586157038140,0.18527685033354000,0.5412701109416780,0.645572181427428,0.0455851579486688,0.9459708898455990,0.842165376650381,0.2966124821570930,0.07718753022646800,0.16988707321905700,0.12694441375497300,0.12328377929894700,0.5185616886657340,0.2458474424934000,0.35813971652914400,0.9895053333843220,0.6843142489253450,0.9489806670470010,0.1425565550331160,0.38213947483256900,0.5547318032823540,0.07675806188873800,0.004187443627957870,0.6704343337969180,0.6418195168014350,0.41078880999961200,0.48964407603203300,0.4154430005920900,0.024005044844888900,0.3353716062174620,0.17708225539729000,0.09842418910136870,0.9567204338893500,0.5993597250421660,0.7286562842366030,0.3153637432661180,0.3931471294940150,0.23692399389672300,0.09696567096542470,0.1790316374415840,0.7975140452964860,19.14383804945160
0.6775458051837760,0.5469288759854770,0.47508987286676800,0.9224342836561250,0.0727349477786684,0.28060081323791600,0.34993785357071400,0.7824258122127880,0.9925146201619710,0.24067051475715300,0.8743073341370810,0.8306227604317910,0.22465739764176700,0.3993325801992230,0.4096728692925190,0.9782206685265580,0.18089190137889800,0.799157971104782,0.3341927141731100,0.7308703457761600,0.42001100429566300,0.57835976311654,0.8326117733261310,0.8041655649838840,0.8664231835397000,0.05961732534465900,0.6920505530397450,0.13998737672176300,0.415818568018411,0.5485884150546890,0.40273948474683100,0.5196116758030080,0.9965263087986190,0.13521731371285500,0.6754560453364260,0.3960009663856150,0.13300979890732900,0.15873676337431000,0.9492731062456170,0.879601496711762,0.9070419604150220,0.9915327758273870,0.20831539000851800,0.35543933736406200,0.6692190299248670,0.48380253986064700,0.4183895333783340,0.35781124933559300,0.5937806319434520,0.575593428640082,0.16145783406424000,0.47173983751843900,0.5534717762098500,0.5702869387313910,0.2101071929123520,0.7422713922522870,0.025199094821069600,0.35483185554316300,0.7802126485356340,0.5638929210554020,0.26116243251086000,0.6949531193430480,0.5673909441560730,0.7962436094563870,0.7350251861898230,0.6101079220362350,0.488177675310814,0.1331821256675230,0.26133301788538400,0.41909947291708500,0.5992992870063890,0.5137078552153050,0.2881845259595300,0.006464357789710550,0.49623922190081400,0.2856259885622430,0.7346083007105350,0.02394626527048350,0.5848278113057910,0.9414742375060650,0.1744092671115000,0.47164949075059500,0.09142199181713820,0.6256819122613530,0.5505316805962260,0.40736552421283200,0.5213770214737410,0.8965746584690100,0.19629430231106700,0.022564511705347200,0.861664884699101,0.5771170823879070,0.8906584554618420,0.5969452234131730,0.8101610899597030,0.42967336335514800,0.7498599312882690,0.913041466889856,0.5721229637222060,0.18078515056238000,22.369267988345200
0.26879761503019800,0.19864457689740600,0.24685702759573300,0.3064154493510360,0.5551337867531890,0.5879916294638330,0.4264997472418610,0.6154207798208350,0.08157492561136590,0.08778823705816000,0.17182946035765800,0.5180774980403450,0.21399467869831400,0.28328440349257700,0.40031283617299400,0.8118661240103800,0.013862135912860100,0.6493788202366220,0.6688765310406850,0.7986557803566370,0.9327529390603130,0.020137848949289800,0.15378370551321600,0.886171294055993,0.45851856218701500,0.5645906389334640,0.6630272037231470,0.6790666044956370,0.9317404033165080,0.9969494174116700,0.7201574609309400,0.2872212092051510,0.8797524022943440,0.04922091454076160,0.2310808528744960,0.8973857174637150,0.25619151443935500,0.22065105962174800,0.13812529314024700,0.8591117576469170,0.5000582591910870,0.6748932030541550,0.23906638407503000,0.7580404210112170,0.7600055449620990,0.31259802490830000,0.41068263301028300,0.20969027743020100,0.9765610233229040,0.6456025770584120,0.9345438807155160,0.30338554362913300,0.7818909129968900,0.765858643884742,0.6916556518665420,0.9656389752668000,0.39355533610631600,0.1307173235897570,0.6717088592440610,0.7293098004772060,0.5750605734588150,0.20681789313339600,0.5044559416693550,0.3121897365691290,0.42746652816668900,0.6452185758446640,0.7452147426908350,0.23222469090134300,0.40532536064695300,0.2691615709916290,0.19863161386186900,0.7833872199958380,0.9092526944369920,0.3702321856845770,0.7512789243737670,0.8969952893644110,0.8461242105302320,0.1828133885392260,0.9562918815133610,0.37667644042946200,0.33924066117383600,0.062431327277780300,0.486173654104883,0.10901361564092900,0.248539820927426,0.3169426217672810,0.808826323491684,0.8754886503958970,0.3024663174614700,0.8586981212445740,0.8572309373697910,0.7646509503848740,0.14669511401518200,0.690322846900729,0.9450240645805690,0.6825404787671570,0.33161684910783400,0.5005793174308310,0.6457250433510540,0.5105704087285040,23.22132516350590
0.11995294173097000,0.31206404465202100,0.8023960305536330,0.8614180460955170,0.13730003271557000,0.9523867523987250,0.32882261784860900,0.66231373873072,0.7518251459566810,0.8119462346378830,0.9457497022259300,0.3129195480288230,0.8585064545515550,0.13168690343620700,0.7050409063535930,0.7419777295139860,0.6777232412013200,0.252314736135153,0.8730431470152030,0.168858463370395,0.05363479152083080,0.7174649906119120,0.4754757152327340,0.8490980199586760,0.38339714105825900,0.16827858850771300,0.8364421924698700,0.5489096316400720,0.1891957923903550,0.7203839985864460,0.5111136384895010,0.6043129822403200,0.4608983382065820,0.8287089838180060,0.8295627156830500,0.7093888218243860,0.10540137739646200,0.8388538619040690,0.6710129805329100,0.6970241660043000,0.36298284040387200,0.8792795561570070,0.7253716002348580,0.11259046652919400,0.40777803440616300,0.8863803619601420,0.047196701697379000,0.9614166196420500,0.6791625683195630,0.6313759776433770,0.2705592564879910,0.24879178873917700,0.9420582194885960,0.29827245423412300,0.7755052967189990,0.39312179820707900,0.13925407078470400,0.01071529769535900,0.5442573370152510,0.9757788185489330,0.3691361938092050,0.35719233399304500,0.3440916178494420,0.5205438373048580,0.44066488342429400,0.8799146267270150,0.5055207917234900,0.5077578381885690,0.1383715947205570,0.982739540910386,0.24997289086883000,0.07336406745960270,0.6631462489752090,0.5953663701568730,0.4151456539927460,0.42219223388067800,0.7850639210464310,0.19571264009964900,0.8202533189448900,0.6487471138950180,0.4189697737795240,0.4580286165838690,0.2566472071860960,0.7521143326969750,0.5128747423052680,0.3208545427498440,0.5960501157609500,0.995734452051323,0.43526227965655400,0.9206914007786200,0.3450168399245660,0.054732706924985900,0.20424210636842900,0.4186951433276840,0.219634928594569,0.0002270382182555380,0.9150015377475270,0.843879411230929,0.7422922314869470,0.16781459564602900,23.470129177721500
0.12036357620998600,0.06760474947238320,0.7240291887729210,0.9288079606878850,0.430535820913037,0.11914067199604800,0.5123928207321070,0.34883190745863000,0.3748249243499980,0.6213306241557070,0.7187181132622020,0.11060359887316100,0.035590230806476400,0.9943303026857150,0.23272834891555200,0.053830524908459100,0.18987532909592000,0.03895784634846420,0.39181089461717200,0.8024017844513240,0.3412444497577210,0.44418340687836700,0.6755867735674390,0.5088940700698800,0.8614456860213240,0.8660356750457570,0.009910695491153640,0.7780463064831990,0.46073360024167400,0.9888405413036630,0.48323207587543500,0.9868959453882980,0.7545693612057370,0.24860488461330600,0.5383949792869580,0.9921356394785830,0.8575306077519240,0.0973668937912211,0.7063719968099960,0.34557958587081300,0.006982261880348120,0.4034809690270000,0.2347544217249710,0.8188692705204720,0.3373306088457660,0.8275236939538170,0.0005979388347953090,0.30781915002611900,0.24116521430776200,0.23356736106861100,0.0681866197654627,0.18712427041050200,0.5555495698856200,0.2913610728377450,0.41739478232914800,0.3768668803471890,0.8759049249998950,0.9052989990105160,0.49295697165586000,0.3301559503156040,0.10680070400236400,0.953402879382095,0.06022694490029750,0.29765027756828000,0.29806620117000400,0.3204012861402150,0.16428684327240900,0.7831614309236970,0.12249786196598900,0.6349066591531630,0.12384602670581700,0.07053563759295660,0.9094295036858770,0.19012876631870600,0.8212501545597040,0.5446308711071360,0.0778565196087696,0.9554481914380680,0.24696116699189300,0.8596453453526070,0.16881000578456400,0.8539428821418530,0.013228812905294000,0.5117804565694810,0.7694425794215570,0.9347955174927830,0.909202136206487,0.8196248695476450,0.8881913496613040,0.1992196858370770,0.28418429571172900,0.2889685249210590,0.3770539310016990,0.3933206703851890,0.5445553246546760,0.15987976336644100,0.6912466637859890,0.1675665393045070,0.31030848210454800,0.503345130606154,20.67365204288840
0.7964405615234770,0.7394692332387270,0.6455343564105220,0.15577326058017000,0.5470453456155780,0.08744650179988550,0.37736317679665100,0.41351653028995900,0.03981143944575380,0.2739880994699720,0.9556494672664890,0.9536326078296900,0.3523270542525390,0.043100108948324100,0.17909493932818200,0.39221779343354000,0.9477796979692300,0.14119906353718500,0.7635158436682120,0.10868253937469200,0.9812575773912770,0.381616499109135,0.775234538899056,0.3425910828111320,0.6276688771588090,0.19201608474003700,0.14602101929696300,0.9380641395681310,0.9176472779044340,0.8874689402128820,0.6254334501665940,0.8082682112162780,0.06903693691137490,0.33478904189067900,0.3137031247571560,0.6356453219526130,0.3559577734706410,0.1485067816436810,0.5964670754135440,0.8143839206690820,0.3821234944599730,0.1322687150984820,0.19668819731282300,0.23748330516938400,0.2998975929945360,0.6427950705063090,0.600945484537719,0.6960798615670390,0.36250198453151300,0.8239976518799780,0.20408766115576000,0.46904074751815400,0.8009387215414300,0.18015864773261900,0.10986311374078300,0.8836839676879900,0.3429296627591960,0.683870124909032,0.02534860426393850,0.6900468884094500,0.3161013115469710,0.05574085358744170,0.609812761548117,0.24080381607317300,0.38680724205188,0.08058081228651360,0.14716325109494500,0.29797723549584400,0.08975950056015710,0.9108262646863150,0.006047043183978420,0.4838602188643110,0.12324745813255100,0.30767908947794900,0.9260595598182660,0.16169455327398700,0.9658323197183330,0.2057943769894220,0.7415661084668300,0.5466772648973120,0.8844787275967590,0.5539932555031310,0.5345592191563090,0.1954580003684000,0.16622936205165900,0.9164891511155140,0.32783819885003400,0.37208225496289600,0.7598236584283880,0.33882348242280700,0.9520624466390030,0.7379277689988000,0.59742924257342,0.8808951605447530,0.04960590834948280,0.25706269218920900,0.46503633422091000,0.22697853947152100,0.7439051873021520,0.9192080310537250,19.706489132791400
0.4237701199309230,0.34213260011189500,0.9615507321375660,0.44485243282754100,0.4890484004492830,0.35164987234190500,0.9095484730121380,0.5689554832818510,0.7621745871816450,0.8118067183508860,0.3418490419172580,0.43369433132038000,0.8484717744062650,0.36325535167581000,0.7939351334518510,0.9409923225744370,0.623210373068007,0.7416272874518890,0.8050973120411350,0.8450396488966430,0.39505333785679600,0.05126345917599820,0.4018762712367400,0.6737562297840900,0.4503503857807930,0.7489631508603990,0.3569824294686640,0.6347441411040300,0.18641980485397500,0.7493694366449570,0.5456959688130260,0.20406438854660100,0.29191117349780700,0.7486087085818320,0.4826012356615210,0.2160314403930720,0.9672711903702980,0.7151250198168880,0.9571348325397960,0.4271050453603430,0.47510034069172000,0.8979552161850190,0.5250493402453850,0.7072789119056670,0.25217287749553000,0.44672646870264100,0.12344986581035500,0.20598003587696200,0.000943415267631087,0.03926505164866020,0.9772838231769290,0.2423536951367620,0.663310709504002,0.8390996987996120,0.5506604592365640,0.1531445000839560,0.7281164373361660,0.600251410099583,0.7312505893473750,0.7697466228570870,0.9754103676847450,0.57356328002671,0.3416411126906020,0.6484645569002370,0.06844070924262610,0.8973973183215860,0.11938101133819700,0.32784283788581800,0.8157453806261210,0.5973123783307120,0.3936355202774420,0.4734356593750210,0.8545473932021800,0.34000438605989200,0.8696496848121710,0.08813443097669150,0.7767984372086310,0.8475476330547360,0.18181765283733900,0.43034653237220000,0.16549977466365600,0.7066041289942180,0.5353477680616570,0.635323346708321,0.19648696695621100,0.21174586205242000,0.04149732550990640,0.3220675351957300,0.559744661333675,0.8579349139973290,0.6669274474586810,0.43539632339975100,0.9531201143941380,0.7192452005758320,0.93016520286255,0.5275879732721660,0.2589042747931400,0.052826686364722000,0.7260848514838510,0.12130299800553400,22.188282834004300
0.3027751282719670,0.5324709078838970,0.5644165877797480,0.600583196987136,0.16625533034970100,0.37973740482164900,0.6171942271169670,0.9698188646337850,0.7276311376996890,0.9226037570939580,0.762212058314177,0.5917169688924000,0.19202336913634500,0.666685651892513,0.6233795659599070,0.6024691704572660,0.48978586798824100,0.5286566039892760,0.33444252711810400,0.5193126926423030,0.19755590567847800,0.8051743973603770,0.1857769546987080,0.08496628988946640,0.43624602635715700,0.6583074395060620,0.43771682493354100,0.2767541319513090,0.5581711838904410,0.34700233541220000,0.9328676901266330,0.9226451396035720,0.5023718199720960,0.3278839940182590,0.7371324139566390,0.03671294348306660,0.47476900604365100,0.33632339427033400,0.9205358851025550,0.012003027272682500,0.5528148757183490,0.740663581066626,0.48501798752404100,0.08540303016272170,0.9724613900279020,0.5180104313760980,0.6141862443190110,0.23660978270750700,0.4834980851068040,0.42914949195832200,0.07489584200198370,0.10616035354746700,0.8374725196187750,0.23981995220659000,0.19495827149863100,0.5049114512501390,0.7687471313625130,0.06194651857898790,0.5768079196382560,0.11921044284057300,0.03646105082561850,0.05274395216221740,0.8341641082084410,0.11797248362806200,0.04515136441229200,0.4378998871429120,0.8439934719420250,0.26240837648930200,0.4217126175259160,0.03992253256375120,0.4490785141348760,0.5776130806371340,0.5709070537521450,0.33242669217436500,0.3155331806631360,0.10662361893659800,0.3667983206462680,0.09949466887296470,0.7665959447120520,0.9662742977481860,0.9700744566667070,0.8650710993753940,0.6007921493396190,0.7008656972438800,0.28520580268041400,0.6307704201726210,0.45564954943987700,0.4820173397769330,0.757776560375158,0.28191835559725200,0.3180396116945200,0.9246417911286370,0.056224294850972200,0.4856342984133400,0.9128008004078620,0.610363007818157,0.5464070742121320,0.2497441792293550,0.34327548906444800,0.8520484158046930,23.18806044558310
